address,reason
"989 ATLANTIC AVE, 738, COLUMBUS, OH, 43229",Office suite number (not APT)
"971 ATLANTIC AVE, 664, COLUMBUS, OH, 43229",Office suite number (not APT)
"981 ATLANTIC AVE, 708, COLUMBUS, OH, 43229",Office suite number (not APT)
"997 ATLANTIC AVE, 767, COLUMBUS, OH, 43229",Office suite number (not APT)
"991 ATLANTIC AVE, 740, COLUMBUS, OH, 43229",Office suite number (not APT)
"1003 ATLANTIC AVE, 790, COLUMBUS, OH, 43229",Office suite number (not APT)
"1003 ATLANTIC AVE, 780, COLUMBUS, OH, 43229",Office suite number (not APT)
"971 ATLANTIC AVE, 654, COLUMBUS, OH, 43229",Office suite number (not APT)
"965 ATLANTIC AVE, 645, COLUMBUS, OH, 43229",Office suite number (not APT)
"1031 MEDITERRANEAN AVE, 30, COLUMBUS, OH, 43229",Office suite number (not APT)
"5885 BEECHCROFT RD, 108, COLUMBUS, OH, 43229",Office suite number (not APT)
"5970 SHARON WOODS BLVD, 102, COLUMBUS, OH, 43229",Office suite number (not APT)
"2392 LAURELWOOD DR, 3, COLUMBUS, OH, 43229",Office suite number (not APT)
"4645 TAMARACK BLVD, 329, COLUMBUS, OH, 43229",Office suite number (not APT)
"4645 TAMARACK BLVD, 223, COLUMBUS, OH, 43229",Office suite number (not APT)
"1013 ATLANTIC AVE, 842, COLUMBUS, OH, 43229",Office suite number (not APT)
"5885 BEECHCROFT RD, 303, COLUMBUS, OH, 43229",Office suite number (not APT)
"5885 BEECHCROFT RD, 304, COLUMBUS, OH, 43229",Office suite number (not APT)
"1007 ATLANTIC AVE, 810, COLUMBUS, OH, 43229",Office suite number (not APT)
"957 ATLANTIC AVE, 611, COLUMBUS, OH, 43229",Office suite number (not APT)
"5885 BEECHCROFT RD, 209, COLUMBUS, OH, 43229",Office suite number (not APT)
"4645 TAMARACK BLVD, 337, COLUMBUS, OH, 43229",Office suite number (not APT)
"1007 ATLANTIC AVE, 809, COLUMBUS, OH, 43229",Office suite number (not APT)
"5690 KATHY RUN LN, 13, COLUMBUS, OH, 43229",Office suite number (not APT)
"2404 LAURELWOOD DR, 2, COLUMBUS, OH, 43229",Office suite number (not APT)
"5861 ROCHE DR, 31, COLUMBUS, OH, 43229",Office suite number (not APT)
"1027 MEDITERRANEAN AVE, 29, COLUMBUS, OH, 43229",Office suite number (not APT)
"997 ATLANTIC AVE, 768, COLUMBUS, OH, 43229",Office suite number (not APT)
"5885 BEECHCROFT RD, 218, COLUMBUS, OH, 43229",Office suite number (not APT)
"993 ATLANTIC AVE, 757, COLUMBUS, OH, 43229",Office suite number (not APT)
"957 ATLANTIC AVE, 607, COLUMBUS, OH, 43229",Office suite number (not APT)
"999 ATLANTIC AVE, 764, COLUMBUS, OH, 43229",Office suite number (not APT)
"4645 TAMARACK BLVD, 331, COLUMBUS, OH, 43229",Office suite number (not APT)
"4645 TAMARACK BLVD, 120, COLUMBUS, OH, 43229",Office suite number (not APT)
"1019 MEDITERRANEAN AVE, 27, COLUMBUS, OH, 43229",Office suite number (not APT)
"2450 TEAKWOOD DR, 1, COLUMBUS, OH, 43229",Office suite number (not APT)
"967 MEDITERRANEAN AVE, 12, COLUMBUS, OH, 43229",Office suite number (not APT)
"1017 ATLANTIC AVE, 852, COLUMBUS, OH, 43229",Office suite number (not APT)
"1001 ATLANTIC AVE, 788, COLUMBUS, OH, 43229",Office suite number (not APT)
"1001 ATLANTIC AVE, 786, COLUMBUS, OH, 43229",Office suite number (not APT)
"5970 SHARON WOODS BLVD, 208, COLUMBUS, OH, 43229",Office suite number (not APT)
"1015 ATLANTIC AVE, 839, COLUMBUS, OH, 43229",Office suite number (not APT)
"1015 ATLANTIC AVE, 833, COLUMBUS, OH, 43229",Office suite number (not APT)
"1001 ATLANTIC AVE, 783, COLUMBUS, OH, 43229",Office suite number (not APT)
"979 ATLANTIC AVE, 684, COLUMBUS, OH, 43229",Office suite number (not APT)
"1005 ATLANTIC AVE, 807, COLUMBUS, OH, 43229",Office suite number (not APT)
"4645 TAMARACK BLVD, 121, COLUMBUS, OH, 43229",Office suite number (not APT)
"1009 ATLANTIC AVE, 817, COLUMBUS, OH, 43229",Office suite number (not APT)
"5861 ROCHE DR, 16, COLUMBUS, OH, 43229",Office suite number (not APT)
"1007 ATLANTIC AVE, 815, COLUMBUS, OH, 43229",Office suite number (not APT)
"5970 SHARON WOODS BLVD, 202, COLUMBUS, OH, 43229",Office suite number (not APT)
"4645 TAMARACK BLVD, 229, COLUMBUS, OH, 43229",Office suite number (not APT)
"4645 TAMARACK BLVD, 129, COLUMBUS, OH, 43229",Office suite number (not APT)
"1011 MEDITERRANEAN AVE, 25, COLUMBUS, OH, 43229",Office suite number (not APT)
"975 ATLANTIC AVE, 679, COLUMBUS, OH, 43229",Office suite number (not APT)
"5736 KATHY RUN LN, 6, COLUMBUS, OH, 43229",Office suite number (not APT)
"5861 ROCHE DR, 14, COLUMBUS, OH, 43229",Office suite number (not APT)
"1039 MEDITERRANEAN AVE, 33, COLUMBUS, OH, 43229",Office suite number (not APT)
"977 ATLANTIC AVE, 687, COLUMBUS, OH, 43229",Office suite number (not APT)
"5970 SHARON WOODS BLVD, 206, COLUMBUS, OH, 43229",Office suite number (not APT)
"2406 LAURELWOOD DR, 3, COLUMBUS, OH, 43229",Office suite number (not APT)
"969 ATLANTIC AVE, 650, COLUMBUS, OH, 43229",Office suite number (not APT)
"973 ATLANTIC AVE, 668, COLUMBUS, OH, 43229",Office suite number (not APT)
"4645 TAMARACK BLVD, 131, COLUMBUS, OH, 43229",Office suite number (not APT)
"4645 TAMARACK BLVD, 335, COLUMBUS, OH, 43229",Office suite number (not APT)
"995 ATLANTIC AVE, 760, COLUMBUS, OH, 43229",Office suite number (not APT)
"5861 ROCHE DR, 18, COLUMBUS, OH, 43229",Office suite number (not APT)
"977 ATLANTIC AVE, 683, COLUMBUS, OH, 43229",Office suite number (not APT)
"5861 ROCHE DR, 10, COLUMBUS, OH, 43229",Office suite number (not APT)
"1007 ATLANTIC AVE, 805, COLUMBUS, OH, 43229",Office suite number (not APT)
"1003 ATLANTIC AVE, 789, COLUMBUS, OH, 43229",Office suite number (not APT)
"5885 BEECHCROFT RD, 314, COLUMBUS, OH, 43229",Office suite number (not APT)
"2452 TEAKWOOD DR, 19, COLUMBUS, OH, 43229",Office suite number (not APT)
"5861 ROCHE DR, 15, COLUMBUS, OH, 43229",Office suite number (not APT)
"5861 ROCHE DR, 12, COLUMBUS, OH, 43229",Office suite number (not APT)
"4645 TAMARACK BLVD, 225, COLUMBUS, OH, 43229",Office suite number (not APT)
"1011 ATLANTIC AVE, 819, COLUMBUS, OH, 43229",Office suite number (not APT)
"5970 SHARON WOODS BLVD, 203, COLUMBUS, OH, 43229",Office suite number (not APT)
"965 ATLANTIC AVE, 639, COLUMBUS, OH, 43229",Office suite number (not APT)
"5970 SHARON WOODS BLVD, 300, COLUMBUS, OH, 43229",Office suite number (not APT)
"4645 TAMARACK BLVD, 125, COLUMBUS, OH, 43229",Office suite number (not APT)
"6092 BOARDWALK ST, 1, COLUMBUS, OH, 43229",Office suite number (not APT)
"987 ATLANTIC AVE, 724, COLUMBUS, OH, 43229",Office suite number (not APT)
"981 ATLANTIC AVE, 701, COLUMBUS, OH, 43229",Office suite number (not APT)
"1015 ATLANTIC AVE, 834, COLUMBUS, OH, 43229",Office suite number (not APT)
"2414 LAURELWOOD DR, 3, COLUMBUS, OH, 43229",Office suite number (not APT)
"969 ATLANTIC AVE, 656, COLUMBUS, OH, 43229",Office suite number (not APT)
"5885 BEECHCROFT RD, 101, COLUMBUS, OH, 43229",Office suite number (not APT)
"4645 TAMARACK BLVD, 224, COLUMBUS, OH, 43229",Office suite number (not APT)
"4645 TAMARACK BLVD, 300, COLUMBUS, OH, 43229",Office suite number (not APT)
"957 ATLANTIC AVE, 612, COLUMBUS, OH, 43229",Office suite number (not APT)
"5885 BEECHCROFT RD, 115, COLUMBUS, OH, 43229",Office suite number (not APT)
"969 ATLANTIC AVE, 661, COLUMBUS, OH, 43229",Office suite number (not APT)
"1019 ATLANTIC AVE, 855, COLUMBUS, OH, 43229",Office suite number (not APT)
"4645 TAMARACK BLVD, 232, COLUMBUS, OH, 43229",Office suite number (not APT)
"5861 ROCHE DR, 20, COLUMBUS, OH, 43229",Office suite number (not APT)
"993 ATLANTIC AVE, 758, COLUMBUS, OH, 43229",Office suite number (not APT)
"5970 SHARON WOODS BLVD, 305, COLUMBUS, OH, 43229",Office suite number (not APT)
"2452 TEAKWOOD DR, 8, COLUMBUS, OH, 43229",Office suite number (not APT)
"965 ATLANTIC AVE, 637, COLUMBUS, OH, 43229",Office suite number (not APT)
"979 MEDITERRANEAN AVE, 16, COLUMBUS, OH, 43229",Office suite number (not APT)
"971 ATLANTIC AVE, 660, COLUMBUS, OH, 43229",Office suite number (not APT)
"1007 ATLANTIC AVE, 808, COLUMBUS, OH, 43229",Office suite number (not APT)
"961 ATLANTIC AVE, 626, COLUMBUS, OH, 43229",Office suite number (not APT)
"2450 TEAKWOOD DR, 2, COLUMBUS, OH, 43229",Office suite number (not APT)
"1017 ATLANTIC AVE, 857, COLUMBUS, OH, 43229",Office suite number (not APT)
"2412 LAURELWOOD DR, 2, COLUMBUS, OH, 43229",Office suite number (not APT)
"957 ATLANTIC AVE, 601, COLUMBUS, OH, 43229",Office suite number (not APT)
"4645 TAMARACK BLVD, 220, COLUMBUS, OH, 43229",Office suite number (not APT)
"5640 KATHY RUN LN, 17, COLUMBUS, OH, 43229",Office suite number (not APT)
"5970 SHARON WOODS BLVD, 113, COLUMBUS, OH, 43229",Office suite number (not APT)
"4645 TAMARACK BLVD, 233, COLUMBUS, OH, 43229",Office suite number (not APT)
"4645 TAMARACK BLVD, 323, COLUMBUS, OH, 43229",Office suite number (not APT)
"987 ATLANTIC AVE, 735, COLUMBUS, OH, 43229",Office suite number (not APT)
"2436 LAURELWOOD DR, 4, COLUMBUS, OH, 43229",Office suite number (not APT)
"5970 SHARON WOODS BLVD, 317, COLUMBUS, OH, 43229",Office suite number (not APT)
"985 MEDITERRANEAN AVE, 18, COLUMBUS, OH, 43229",Office suite number (not APT)
"997 ATLANTIC AVE, 763, COLUMBUS, OH, 43229",Office suite number (not APT)
"4645 TAMARACK BLVD, 228, COLUMBUS, OH, 43229",Office suite number (not APT)
"2408 LAURELWOOD DR, 4, COLUMBUS, OH, 43229",Office suite number (not APT)
"1011 ATLANTIC AVE, 829, COLUMBUS, OH, 43229",Office suite number (not APT)
"975 ATLANTIC AVE, 671, COLUMBUS, OH, 43229",Office suite number (not APT)
"5861 ROCHE DR, 5, COLUMBUS, OH, 43229",Office suite number (not APT)
"4645 TAMARACK BLVD, 126, COLUMBUS, OH, 43229",Office suite number (not APT)
"991 ATLANTIC AVE, 747, COLUMBUS, OH, 43229",Office suite number (not APT)
"987 ATLANTIC AVE, 728, COLUMBUS, OH, 43229",Office suite number (not APT)
"2430 LAURELWOOD DR, 1, COLUMBUS, OH, 43229",Office suite number (not APT)
"981 ATLANTIC AVE, 713, COLUMBUS, OH, 43229",Office suite number (not APT)
"4645 TAMARACK BLVD, 235, COLUMBUS, OH, 43229",Office suite number (not APT)
"5885 BEECHCROFT RD, 214, COLUMBUS, OH, 43229",Office suite number (not APT)
"997 MEDITERRANEAN AVE, 21, COLUMBUS, OH, 43229",Office suite number (not APT)
"4645 TAMARACK BLVD, 130, COLUMBUS, OH, 43229",Office suite number (not APT)
"5970 SHARON WOODS BLVD, 109, COLUMBUS, OH, 43229",Office suite number (not APT)
"4645 TAMARACK BLVD, 230, COLUMBUS, OH, 43229",Office suite number (not APT)
"2402 LAURELWOOD DR, 1, COLUMBUS, OH, 43229",Office suite number (not APT)
"977 ATLANTIC AVE, 682, COLUMBUS, OH, 43229",Office suite number (not APT)
"989 ATLANTIC AVE, 737, COLUMBUS, OH, 43229",Office suite number (not APT)
"983 ATLANTIC AVE, 706, COLUMBUS, OH, 43229",Office suite number (not APT)
"987 ATLANTIC AVE, 730, COLUMBUS, OH, 43229",Office suite number (not APT)
"2452 TEAKWOOD DR, 17, COLUMBUS, OH, 43229",Office suite number (not APT)
"965 ATLANTIC AVE, 644, COLUMBUS, OH, 43229",Office suite number (not APT)
"979 ATLANTIC AVE, 693, COLUMBUS, OH, 43229",Office suite number (not APT)
"5970 SHARON WOODS BLVD, 211, COLUMBUS, OH, 43229",Office suite number (not APT)
"2452 TEAKWOOD DR, 6, COLUMBUS, OH, 43229",Office suite number (not APT)
"5970 SHARON WOODS BLVD, 200, COLUMBUS, OH, 43229",Office suite number (not APT)
"965 ATLANTIC AVE, 643, COLUMBUS, OH, 43229",Office suite number (not APT)
"5861 ROCHE DR, 11, COLUMBUS, OH, 43229",Office suite number (not APT)
"2424 LAURELWOOD DR, 3, COLUMBUS, OH, 43229",Office suite number (not APT)
"957 ATLANTIC AVE, 606, COLUMBUS, OH, 43229",Office suite number (not APT)
"5970 SHARON WOODS BLVD, 306, COLUMBUS, OH, 43229",Office suite number (not APT)
"6120 BOARDWALK ST, 8, COLUMBUS, OH, 43229",Office suite number (not APT)
"5885 BEECHCROFT RD, 312, COLUMBUS, OH, 43229",Office suite number (not APT)
"1013 ATLANTIC AVE, 837, COLUMBUS, OH, 43229",Office suite number (not APT)
"5970 SHARON WOODS BLVD, 311, COLUMBUS, OH, 43229",Office suite number (not APT)
"993 ATLANTIC AVE, 754, COLUMBUS, OH, 43229",Office suite number (not APT)
"5885 BEECHCROFT RD, 205, COLUMBUS, OH, 43229",Office suite number (not APT)
"5885 BEECHCROFT RD, 104, COLUMBUS, OH, 43229",Office suite number (not APT)
"969 ATLANTIC AVE, 663, COLUMBUS, OH, 43229",Office suite number (not APT)
"5861 ROCHE DR, 38, COLUMBUS, OH, 43229",Office suite number (not APT)
"5656 KATHY RUN LN, 14, COLUMBUS, OH, 43229",Office suite number (not APT)
"975 ATLANTIC AVE, 674, COLUMBUS, OH, 43229",Office suite number (not APT)
"2452 TEAKWOOD DR, 7, COLUMBUS, OH, 43229",Office suite number (not APT)
"1019 ATLANTIC AVE, 858, COLUMBUS, OH, 43229",Office suite number (not APT)
"1009 ATLANTIC AVE, 827, COLUMBUS, OH, 43229",Office suite number (not APT)
"975 ATLANTIC AVE, 670, COLUMBUS, OH, 43229",Office suite number (not APT)
"989 MEDITERRANEAN AVE, 19, COLUMBUS, OH, 43229",Office suite number (not APT)
"1007 ATLANTIC AVE, 804, COLUMBUS, OH, 43229",Office suite number (not APT)
"5885 BEECHCROFT RD, 211, COLUMBUS, OH, 43229",Office suite number (not APT)
"2390 LAURELWOOD DR, 2, COLUMBUS, OH, 43229",Office suite number (not APT)
"5861 ROCHE DR, 40, COLUMBUS, OH, 43229",Office suite number (not APT)
"987 ATLANTIC AVE, 722, COLUMBUS, OH, 43229",Office suite number (not APT)
"959 ATLANTIC AVE, 608, COLUMBUS, OH, 43229",Office suite number (not APT)
"5970 SHARON WOODS BLVD, 115, COLUMBUS, OH, 43229",Office suite number (not APT)
"1011 ATLANTIC AVE, 823, COLUMBUS, OH, 43229",Office suite number (not APT)
"5861 ROCHE DR, 25, COLUMBUS, OH, 43229",Office suite number (not APT)
"4645 TAMARACK BLVD, 128, COLUMBUS, OH, 43229",Office suite number (not APT)
"981 ATLANTIC AVE, 707, COLUMBUS, OH, 43229",Office suite number (not APT)
"4645 TAMARACK BLVD, 122, COLUMBUS, OH, 43229",Office suite number (not APT)
"1009 ATLANTIC AVE, 826, COLUMBUS, OH, 43229",Office suite number (not APT)
"965 ATLANTIC AVE, 632, COLUMBUS, OH, 43229",Office suite number (not APT)
"969 ATLANTIC AVE, 662, COLUMBUS, OH, 43229",Office suite number (not APT)
"983 ATLANTIC AVE, 717, COLUMBUS, OH, 43229",Office suite number (not APT)
"993 ATLANTIC AVE, 749, COLUMBUS, OH, 43229",Office suite number (not APT)
"967 ATLANTIC AVE, 641, COLUMBUS, OH, 43229",Office suite number (not APT)
"5885 BEECHCROFT RD, 204, COLUMBUS, OH, 43229",Office suite number (not APT)
"995 ATLANTIC AVE, 751, COLUMBUS, OH, 43229",Office suite number (not APT)
"5748 KATHY RUN LN, 4, COLUMBUS, OH, 43229",Office suite number (not APT)
"975 MEDITERRANEAN AVE, 15, COLUMBUS, OH, 43229",Office suite number (not APT)
"973 ATLANTIC AVE, 677, COLUMBUS, OH, 43229",Office suite number (not APT)
"4645 TAMARACK BLVD, 231, COLUMBUS, OH, 43229",Office suite number (not APT)
"965 MEDITERRANEAN AVE, 11, COLUMBUS, OH, 43229",Office suite number (not APT)
"2450 TEAKWOOD DR, 12, COLUMBUS, OH, 43229",Office suite number (not APT)
"983 ATLANTIC AVE, 710, COLUMBUS, OH, 43229",Office suite number (not APT)
"967 ATLANTIC AVE, 636, COLUMBUS, OH, 43229",Office suite number (not APT)
"5861 ROCHE DR, 35, COLUMBUS, OH, 43229",Office suite number (not APT)
"5760 KATHY RUN LN, 2, COLUMBUS, OH, 43229",Office suite number (not APT)
"5885 BEECHCROFT RD, 216, COLUMBUS, OH, 43229",Office suite number (not APT)
"5885 BEECHCROFT RD, 106, COLUMBUS, OH, 43229",Office suite number (not APT)
"963 ATLANTIC AVE, 630, COLUMBUS, OH, 43229",Office suite number (not APT)
"4645 TAMARACK BLVD, 234, COLUMBUS, OH, 43229",Office suite number (not APT)
"967 ATLANTIC AVE, 635, COLUMBUS, OH, 43229",Office suite number (not APT)
"5885 BEECHCROFT RD, 206, COLUMBUS, OH, 43229",Office suite number (not APT)
"1003 ATLANTIC AVE, 779, COLUMBUS, OH, 43229",Office suite number (not APT)
"1019 ATLANTIC AVE, 850, COLUMBUS, OH, 43229",Office suite number (not APT)
"5970 SHARON WOODS BLVD, 302, COLUMBUS, OH, 43229",Office suite number (not APT)
"5861 ROCHE DR, 24, COLUMBUS, OH, 43229",Office suite number (not APT)
"5885 BEECHCROFT RD, 110, COLUMBUS, OH, 43229",Office suite number (not APT)
"999 ATLANTIC AVE, 774, COLUMBUS, OH, 43229",Office suite number (not APT)
"4645 TAMARACK BLVD, 332, COLUMBUS, OH, 43229",Office suite number (not APT)
"5970 SHARON WOODS BLVD, 201, COLUMBUS, OH, 43229",Office suite number (not APT)
"6124 BOARDWALK ST, 9, COLUMBUS, OH, 43229",Office suite number (not APT)
"5885 BEECHCROFT RD, 213, COLUMBUS, OH, 43229",Office suite number (not APT)
"1005 ATLANTIC AVE, 812, COLUMBUS, OH, 43229",Office suite number (not APT)
"5970 SHARON WOODS BLVD, 103, COLUMBUS, OH, 43229",Office suite number (not APT)
"975 ATLANTIC AVE, 676, COLUMBUS, OH, 43229",Office suite number (not APT)
"5861 ROCHE DR, 19, COLUMBUS, OH, 43229",Office suite number (not APT)
"963 ATLANTIC AVE, 619, COLUMBUS, OH, 43229",Office suite number (not APT)
"1043 MEDITERRANEAN AVE, 35, COLUMBUS, OH, 43229",Office suite number (not APT)
"5885 BEECHCROFT RD, 203, COLUMBUS, OH, 43229",Office suite number (not APT)
"1005 ATLANTIC AVE, 811, COLUMBUS, OH, 43229",Office suite number (not APT)
"4645 TAMARACK BLVD, 328, COLUMBUS, OH, 43229",Office suite number (not APT)
"5970 SHARON WOODS BLVD, 309, COLUMBUS, OH, 43229",Office suite number (not APT)
"5885 BEECHCROFT RD, 102, COLUMBUS, OH, 43229",Office suite number (not APT)
"2410 LAURELWOOD DR, 1, COLUMBUS, OH, 43229",Office suite number (not APT)
"981 ATLANTIC AVE, 709, COLUMBUS, OH, 43229",Office suite number (not APT)
"4645 TAMARACK BLVD, 330, COLUMBUS, OH, 43229",Office suite number (not APT)
"5885 BEECHCROFT RD, 100, COLUMBUS, OH, 43229",Office suite number (not APT)
"1007 ATLANTIC AVE, 803, COLUMBUS, OH, 43229",Office suite number (not APT)
"1001 ATLANTIC AVE, 787, COLUMBUS, OH, 43229",Office suite number (not APT)
"993 MEDITERRANEAN AVE, 20, COLUMBUS, OH, 43229",Office suite number (not APT)
"969 ATLANTIC AVE, 657, COLUMBUS, OH, 43229",Office suite number (not APT)
"989 ATLANTIC AVE, 746, COLUMBUS, OH, 43229",Office suite number (not APT)
"5766 KATHY RUN LN, 1, COLUMBUS, OH, 43229",Office suite number (not APT)
"5970 SHARON WOODS BLVD, 207, COLUMBUS, OH, 43229",Office suite number (not APT)
"995 ATLANTIC AVE, 759, COLUMBUS, OH, 43229",Office suite number (not APT)
"965 ATLANTIC AVE, 633, COLUMBUS, OH, 43229",Office suite number (not APT)
"5885 BEECHCROFT RD, 302, COLUMBUS, OH, 43229",Office suite number (not APT)
"5885 BEECHCROFT RD, 305, COLUMBUS, OH, 43229",Office suite number (not APT)
"971 ATLANTIC AVE, 666, COLUMBUS, OH, 43229",Office suite number (not APT)
"5861 ROCHE DR, 28, COLUMBUS, OH, 43229",Office suite number (not APT)
"2426 LAURELWOOD DR, 4, COLUMBUS, OH, 43229",Office suite number (not APT)
"4645 TAMARACK BLVD, 236, COLUMBUS, OH, 43229",Office suite number (not APT)
"2450 TEAKWOOD DR, 5, COLUMBUS, OH, 43229",Office suite number (not APT)
"5970 SHARON WOODS BLVD, 100, COLUMBUS, OH, 43229",Office suite number (not APT)
"1017 ATLANTIC AVE, 856, COLUMBUS, OH, 43229",Office suite number (not APT)
"967 ATLANTIC AVE, 640, COLUMBUS, OH, 43229",Office suite number (not APT)
"5885 BEECHCROFT RD, 300, COLUMBUS, OH, 43229",Office suite number (not APT)
"1011 ATLANTIC AVE, 830, COLUMBUS, OH, 43229",Office suite number (not APT)
"1011 ATLANTIC AVE, 828, COLUMBUS, OH, 43229",Office suite number (not APT)
"5885 BEECHCROFT RD, 202, COLUMBUS, OH, 43229",Office suite number (not APT)
"4645 TAMARACK BLVD, 222, COLUMBUS, OH, 43229",Office suite number (not APT)
"4645 TAMARACK BLVD, 221, COLUMBUS, OH, 43229",Office suite number (not APT)
"5970 SHARON WOODS BLVD, 217, COLUMBUS, OH, 43229",Office suite number (not APT)
"5970 SHARON WOODS BLVD, 111, COLUMBUS, OH, 43229",Office suite number (not APT)
"2452 TEAKWOOD DR, 18, COLUMBUS, OH, 43229",Office suite number (not APT)
"5861 ROCHE DR, 17, COLUMBUS, OH, 43229",Office suite number (not APT)
"959 ATLANTIC AVE, 613, COLUMBUS, OH, 43229",Office suite number (not APT)
"1009 ATLANTIC AVE, 822, COLUMBUS, OH, 43229",Office suite number (not APT)
"1009 ATLANTIC AVE, 816, COLUMBUS, OH, 43229",Office suite number (not APT)
"975 ATLANTIC AVE, 669, COLUMBUS, OH, 43229",Office suite number (not APT)
"1015 MEDITERRANEAN AVE, 26, COLUMBUS, OH, 43229",Office suite number (not APT)
"969 ATLANTIC AVE, 649, COLUMBUS, OH, 43229",Office suite number (not APT)
"1005 ATLANTIC AVE, 801, COLUMBUS, OH, 43229",Office suite number (not APT)
"5970 SHARON WOODS BLVD, 215, COLUMBUS, OH, 43229",Office suite number (not APT)
"981 ATLANTIC AVE, 715, COLUMBUS, OH, 43229",Office suite number (not APT)
"1019 ATLANTIC AVE, 853, COLUMBUS, OH, 43229",Office suite number (not APT)
"1013 ATLANTIC AVE, 831, COLUMBUS, OH, 43229",Office suite number (not APT)
"1019 ATLANTIC AVE, 849, COLUMBUS, OH, 43229",Office suite number (not APT)
"1001 ATLANTIC AVE, 782, COLUMBUS, OH, 43229",Office suite number (not APT)
"967 ATLANTIC AVE, 634, COLUMBUS, OH, 43229",Office suite number (not APT)
"977 ATLANTIC AVE, 692, COLUMBUS, OH, 43229",Office suite number (not APT)
"4645 TAMARACK BLVD, 334, COLUMBUS, OH, 43229",Office suite number (not APT)
"4645 TAMARACK BLVD, 124, COLUMBUS, OH, 43229",Office suite number (not APT)
"6096 BOARDWALK ST, 2, COLUMBUS, OH, 43229",Office suite number (not APT)
"969 MEDITERRANEAN AVE, 13, COLUMBUS, OH, 43229",Office suite number (not APT)
"1003 ATLANTIC AVE, 785, COLUMBUS, OH, 43229",Office suite number (not APT)
"4645 TAMARACK BLVD, 325, COLUMBUS, OH, 43229",Office suite number (not APT)
"4645 TAMARACK BLVD, 226, COLUMBUS, OH, 43229",Office suite number (not APT)
"5861 ROCHE DR, 9, COLUMBUS, OH, 43229",Office suite number (not APT)
"5861 ROCHE DR, 39, COLUMBUS, OH, 43229",Office suite number (not APT)
"5970 SHARON WOODS BLVD, 107, COLUMBUS, OH, 43229",Office suite number (not APT)
"1045 MEDITERRANEAN AVE, 36, COLUMBUS, OH, 43229",Office suite number (not APT)
"1011 ATLANTIC AVE, 820, COLUMBUS, OH, 43229",Office suite number (not APT)
"5885 BEECHCROFT RD, 313, COLUMBUS, OH, 43229",Office suite number (not APT)
"999 ATLANTIC AVE, 770, COLUMBUS, OH, 43229",Office suite number (not APT)
"993 ATLANTIC AVE, 753, COLUMBUS, OH, 43229",Office suite number (not APT)
"979 ATLANTIC AVE, 685, COLUMBUS, OH, 43229",Office suite number (not APT)
"973 ATLANTIC AVE, 672, COLUMBUS, OH, 43229",Office suite number (not APT)
"2422 LAURELWOOD DR, 2, COLUMBUS, OH, 43229",Office suite number (not APT)
"977 ATLANTIC AVE, 693, COLUMBUS, OH, 43229",Office suite number (not APT)
"987 ATLANTIC AVE, 736, COLUMBUS, OH, 43229",Office suite number (not APT)
"1037 MEDITERRANEAN AVE, 32, COLUMBUS, OH, 43229",Office suite number (not APT)
"961 ATLANTIC AVE, 617, COLUMBUS, OH, 43229",Office suite number (not APT)
"5885 BEECHCROFT RD, 201, COLUMBUS, OH, 43229",Office suite number (not APT)
"1009 ATLANTIC AVE, 821, COLUMBUS, OH, 43229",Office suite number (not APT)
"1013 ATLANTIC AVE, 836, COLUMBUS, OH, 43229",Office suite number (not APT)
"5970 SHARON WOODS BLVD, 210, COLUMBUS, OH, 43229",Office suite number (not APT)
"4411 TAMARACK BLVD, 100, COLUMBUS, OH, 43229",Office suite number (not APT)
"5861 ROCHE DR, 6, COLUMBUS, OH, 43229",Office suite number (not APT)
"1009 MEDITERRANEAN AVE, 24, COLUMBUS, OH, 43229",Office suite number (not APT)
"1023 MEDITERRANEAN AVE, 28, COLUMBUS, OH, 43229",Office suite number (not APT)
"969 ATLANTIC AVE, 651, COLUMBUS, OH, 43229",Office suite number (not APT)
"1011 ATLANTIC AVE, 825, COLUMBUS, OH, 43229",Office suite number (not APT)
"1011 ATLANTIC AVE, 824, COLUMBUS, OH, 43229",Office suite number (not APT)
"1001 ATLANTIC AVE, 778, COLUMBUS, OH, 43229",Office suite number (not APT)
"965 ATLANTIC AVE, 638, COLUMBUS, OH, 43229",Office suite number (not APT)
"5650 KATHY RUN LN, 15, COLUMBUS, OH, 43229",Office suite number (not APT)
"5694 KATHY RUN LN, 12, COLUMBUS, OH, 43229",Office suite number (not APT)
"1005 ATLANTIC AVE, 806, COLUMBUS, OH, 43229",Office suite number (not APT)
"971 ATLANTIC AVE, 658, COLUMBUS, OH, 43229",Office suite number (not APT)
"967 ATLANTIC AVE, 646, COLUMBUS, OH, 43229",Office suite number (not APT)
"5885 BEECHCROFT RD, 317, COLUMBUS, OH, 43229",Office suite number (not APT)
"4645 TAMARACK BLVD, 227, COLUMBUS, OH, 43229",Office suite number (not APT)
"5861 ROCHE DR, 37, COLUMBUS, OH, 43229",Office suite number (not APT)
"961 ATLANTIC AVE, 627, COLUMBUS, OH, 43229",Office suite number (not APT)
"1019 ATLANTIC AVE, 860, COLUMBUS, OH, 43229",Office suite number (not APT)
"1019 ATLANTIC AVE, 854, COLUMBUS, OH, 43229",Office suite number (not APT)
"997 ATLANTIC AVE, 771, COLUMBUS, OH, 43229",Office suite number (not APT)
"977 ATLANTIC AVE, 688, COLUMBUS, OH, 43229",Office suite number (not APT)
"2450 TEAKWOOD DR, 16, COLUMBUS, OH, 43229",Office suite number (not APT)
"4645 TAMARACK BLVD, 237, COLUMBUS, OH, 43229",Office suite number (not APT)
"5885 BEECHCROFT RD, 316, COLUMBUS, OH, 43229",Office suite number (not APT)
"1001 ATLANTIC AVE, 781, COLUMBUS, OH, 43229",Office suite number (not APT)
"5861 ROCHE DR, 34, COLUMBUS, OH, 43229",Office suite number (not APT)
"995 ATLANTIC AVE, 752, COLUMBUS, OH, 43229",Office suite number (not APT)
"967 ATLANTIC AVE, 647, COLUMBUS, OH, 43229",Office suite number (not APT)
"973 ATLANTIC AVE, 667, COLUMBUS, OH, 43229",Office suite number (not APT)
"5970 SHARON WOODS BLVD, 205, COLUMBUS, OH, 43229",Office suite number (not APT)
"983 ATLANTIC AVE, 704, COLUMBUS, OH, 43229",Office suite number (not APT)
"2394 LAURELWOOD DR, 4, COLUMBUS, OH, 43229",Office suite number (not APT)
"997 ATLANTIC AVE, 772, COLUMBUS, OH, 43229",Office suite number (not APT)
"5885 BEECHCROFT RD, 109, COLUMBUS, OH, 43229",Office suite number (not APT)
"4645 TAMARACK BLVD, 132, COLUMBUS, OH, 43229",Office suite number (not APT)
"5885 BEECHCROFT RD, 307, COLUMBUS, OH, 43229",Office suite number (not APT)
"999 ATLANTIC AVE, 769, COLUMBUS, OH, 43229",Office suite number (not APT)
"1001 ATLANTIC AVE, 776, COLUMBUS, OH, 43229",Office suite number (not APT)
"991 ATLANTIC AVE, 739, COLUMBUS, OH, 43229",Office suite number (not APT)
"983 ATLANTIC AVE, 718, COLUMBUS, OH, 43229",Office suite number (not APT)
"983 ATLANTIC AVE, 716, COLUMBUS, OH, 43229",Office suite number (not APT)
"5970 SHARON WOODS BLVD, 307, COLUMBUS, OH, 43229",Office suite number (not APT)
"2432 LAURELWOOD DR, 2, COLUMBUS, OH, 43229",Office suite number (not APT)
"5861 ROCHE DR, 26, COLUMBUS, OH, 43229",Office suite number (not APT)
"981 ATLANTIC AVE, 714, COLUMBUS, OH, 43229",Office suite number (not APT)
"2450 TEAKWOOD DR, 3, COLUMBUS, OH, 43229",Office suite number (not APT)
"5861 ROCHE DR, 29, COLUMBUS, OH, 43229",Office suite number (not APT)
"5861 ROCHE DR, 4, COLUMBUS, OH, 43229",Office suite number (not APT)
"971 MEDITERRANEAN AVE, 14, COLUMBUS, OH, 43229",Office suite number (not APT)
"5970 SHARON WOODS BLVD, 310, COLUMBUS, OH, 43229",Office suite number (not APT)
"6100 BOARDWALK ST, 3, COLUMBUS, OH, 43229",Office suite number (not APT)
"961 ATLANTIC AVE, 622, COLUMBUS, OH, 43229",Office suite number (not APT)
"4645 TAMARACK BLVD, 322, COLUMBUS, OH, 43229",Office suite number (not APT)
"5861 ROCHE DR, 1, COLUMBUS, OH, 43229",Office suite number (not APT)
"5885 BEECHCROFT RD, 309, COLUMBUS, OH, 43229",Office suite number (not APT)
"975 ATLANTIC AVE, 680, COLUMBUS, OH, 43229",Office suite number (not APT)
"971 ATLANTIC AVE, 653, COLUMBUS, OH, 43229",Office suite number (not APT)
"2452 TEAKWOOD DR, 10, COLUMBUS, OH, 43229",Office suite number (not APT)
"2388 LAURELWOOD DR, 1, COLUMBUS, OH, 43229",Office suite number (not APT)
"987 ATLANTIC AVE, 729, COLUMBUS, OH, 43229",Office suite number (not APT)
"961 ATLANTIC AVE, 621, COLUMBUS, OH, 43229",Office suite number (not APT)
"1011 ATLANTIC AVE, 818, COLUMBUS, OH, 43229",Office suite number (not APT)
"1005 MEDITERRANEAN AVE, 23, COLUMBUS, OH, 43229",Office suite number (not APT)
"959 ATLANTIC AVE, 610, COLUMBUS, OH, 43229",Office suite number (not APT)
"963 ATLANTIC AVE, 628, COLUMBUS, OH, 43229",Office suite number (not APT)
"989 ATLANTIC AVE, 745, COLUMBUS, OH, 43229",Office suite number (not APT)
"5885 BEECHCROFT RD, 113, COLUMBUS, OH, 43229",Office suite number (not APT)
"5861 ROCHE DR, 36, COLUMBUS, OH, 43229",Office suite number (not APT)
"6104 BOARDWALK ST, 4, COLUMBUS, OH, 43229",Office suite number (not APT)
"2416 LAURELWOOD DR, 4, COLUMBUS, OH, 43229",Office suite number (not APT)
"959 ATLANTIC AVE, 604, COLUMBUS, OH, 43229",Office suite number (not APT)
"963 ATLANTIC AVE, 624, COLUMBUS, OH, 43229",Office suite number (not APT)
"1017 ATLANTIC AVE, 851, COLUMBUS, OH, 43229",Office suite number (not APT)
"967 ATLANTIC AVE, 642, COLUMBUS, OH, 43229",Office suite number (not APT)
"2434 LAURELWOOD DR, 3, COLUMBUS, OH, 43229",Office suite number (not APT)
"963 ATLANTIC AVE, 618, COLUMBUS, OH, 43229",Office suite number (not APT)
"963 ATLANTIC AVE, 620, COLUMBUS, OH, 43229",Office suite number (not APT)
"991 ATLANTIC AVE, 748, COLUMBUS, OH, 43229",Office suite number (not APT)
"971 ATLANTIC AVE, 652, COLUMBUS, OH, 43229",Office suite number (not APT)
"983 MEDITERRANEAN AVE, 17, COLUMBUS, OH, 43229",Office suite number (not APT)
"987 ATLANTIC AVE, 734, COLUMBUS, OH, 43229",Office suite number (not APT)
"5885 BEECHCROFT RD, 103, COLUMBUS, OH, 43229",Office suite number (not APT)
"5885 BEECHCROFT RD, 217, COLUMBUS, OH, 43229",Office suite number (not APT)
"965 ATLANTIC AVE, 631, COLUMBUS, OH, 43229",Office suite number (not APT)
"6116 BOARDWALK ST, 7, COLUMBUS, OH, 43229",Office suite number (not APT)
"5970 SHARON WOODS BLVD, 308, COLUMBUS, OH, 43229",Office suite number (not APT)
"5970 SHARON WOODS BLVD, 104, COLUMBUS, OH, 43229",Office suite number (not APT)
"1007 ATLANTIC AVE, 814, COLUMBUS, OH, 43229",Office suite number (not APT)
"1015 ATLANTIC AVE, 844, COLUMBUS, OH, 43229",Office suite number (not APT)
"1003 ATLANTIC AVE, 784, COLUMBUS, OH, 43229",Office suite number (not APT)
"1015 ATLANTIC AVE, 845, COLUMBUS, OH, 43229",Office suite number (not APT)
"959 ATLANTIC AVE, 603, COLUMBUS, OH, 43229",Office suite number (not APT)
"961 ATLANTIC AVE, 616, COLUMBUS, OH, 43229",Office suite number (not APT)
"1001 ATLANTIC AVE, 777, COLUMBUS, OH, 43229",Office suite number (not APT)
"971 ATLANTIC AVE, 665, COLUMBUS, OH, 43229",Office suite number (not APT)
"5970 SHARON WOODS BLVD, 209, COLUMBUS, OH, 43229",Office suite number (not APT)
"5754 KATHY RUN LN, 3, COLUMBUS, OH, 43229",Office suite number (not APT)
"5706 KATHY RUN LN, 10, COLUMBUS, OH, 43229",Office suite number (not APT)
"5885 BEECHCROFT RD, 210, COLUMBUS, OH, 43229",Office suite number (not APT)
"5885 BEECHCROFT RD, 114, COLUMBUS, OH, 43229",Office suite number (not APT)
"4645 TAMARACK BLVD, 127, COLUMBUS, OH, 43229",Office suite number (not APT)
"959 ATLANTIC AVE, 609, COLUMBUS, OH, 43229",Office suite number (not APT)
"5861 ROCHE DR, 21, COLUMBUS, OH, 43229",Office suite number (not APT)
"2450 TEAKWOOD DR, 11, COLUMBUS, OH, 43229",Office suite number (not APT)
"981 ATLANTIC AVE, 703, COLUMBUS, OH, 43229",Office suite number (not APT)
"957 ATLANTIC AVE, 602, COLUMBUS, OH, 43229",Office suite number (not APT)
"1019 ATLANTIC AVE, 848, COLUMBUS, OH, 43229",Office suite number (not APT)
"5970 SHARON WOODS BLVD, 301, COLUMBUS, OH, 43229",Office suite number (not APT)
"6128 BOARDWALK ST, 10, COLUMBUS, OH, 43229",Office suite number (not APT)
"959 ATLANTIC AVE, 605, COLUMBUS, OH, 43229",Office suite number (not APT)
"1015 ATLANTIC AVE, 835, COLUMBUS, OH, 43229",Office suite number (not APT)
"5885 BEECHCROFT RD, 207, COLUMBUS, OH, 43229",Office suite number (not APT)
"5885 BEECHCROFT RD, 308, COLUMBUS, OH, 43229",Office suite number (not APT)
"987 ATLANTIC AVE, 723, COLUMBUS, OH, 43229",Office suite number (not APT)
"5885 BEECHCROFT RD, 315, COLUMBUS, OH, 43229",Office suite number (not APT)
"5885 BEECHCROFT RD, 311, COLUMBUS, OH, 43229",Office suite number (not APT)
"5970 SHARON WOODS BLVD, 101, COLUMBUS, OH, 43229",Office suite number (not APT)
"5970 SHARON WOODS BLVD, 204, COLUMBUS, OH, 43229",Office suite number (not APT)
"4645 TAMARACK BLVD, 333, COLUMBUS, OH, 43229",Office suite number (not APT)
"5885 BEECHCROFT RD, 200, COLUMBUS, OH, 43229",Office suite number (not APT)
"983 ATLANTIC AVE, 711, COLUMBUS, OH, 43229",Office suite number (not APT)
"969 ATLANTIC AVE, 655, COLUMBUS, OH, 43229",Office suite number (not APT)
"1015 ATLANTIC AVE, 843, COLUMBUS, OH, 43229",Office suite number (not APT)
"1013 ATLANTIC AVE, 832, COLUMBUS, OH, 43229",Office suite number (not APT)
"999 ATLANTIC AVE, 765, COLUMBUS, OH, 43229",Office suite number (not APT)
"4645 TAMARACK BLVD, 326, COLUMBUS, OH, 43229",Office suite number (not APT)
"4645 TAMARACK BLVD, 327, COLUMBUS, OH, 43229",Office suite number (not APT)
"5742 KATHY RUN LN, 5, COLUMBUS, OH, 43229",Office suite number (not APT)
"983 ATLANTIC AVE, 705, COLUMBUS, OH, 43229",Office suite number (not APT)
"5885 BEECHCROFT RD, 215, COLUMBUS, OH, 43229",Office suite number (not APT)
"1007 ATLANTIC AVE, 813, COLUMBUS, OH, 43229",Office suite number (not APT)
"979 ATLANTIC AVE, 687, COLUMBUS, OH, 43229",Office suite number (not APT)
"4645 TAMARACK BLVD, 336, COLUMBUS, OH, 43229",Office suite number (not APT)
"5970 SHARON WOODS BLVD, 105, COLUMBUS, OH, 43229",Office suite number (not APT)
"5970 SHARON WOODS BLVD, 108, COLUMBUS, OH, 43229",Office suite number (not APT)
"2452 TEAKWOOD DR, 9, COLUMBUS, OH, 43229",Office suite number (not APT)
"1041 MEDITERRANEAN AVE, 34, COLUMBUS, OH, 43229",Office suite number (not APT)
"981 ATLANTIC AVE, 702, COLUMBUS, OH, 43229",Office suite number (not APT)
"989 ATLANTIC AVE, 742, COLUMBUS, OH, 43229",Office suite number (not APT)
"5970 SHARON WOODS BLVD, 313, COLUMBUS, OH, 43229",Office suite number (not APT)
"5970 SHARON WOODS BLVD, 303, COLUMBUS, OH, 43229",Office suite number (not APT)
"1015 ATLANTIC AVE, 838, COLUMBUS, OH, 43229",Office suite number (not APT)
"979 ATLANTIC AVE, 688, COLUMBUS, OH, 43229",Office suite number (not APT)
"5644 KATHY RUN LN, 16, COLUMBUS, OH, 43229",Office suite number (not APT)
"5718 KATHY RUN LN, 8, COLUMBUS, OH, 43229",Office suite number (not APT)
"1013 ATLANTIC AVE, 841, COLUMBUS, OH, 43229",Office suite number (not APT)
"973 ATLANTIC AVE, 678, COLUMBUS, OH, 43229",Office suite number (not APT)
"6112 BOARDWALK ST, 6, COLUMBUS, OH, 43229",Office suite number (not APT)
"959 ATLANTIC AVE, 615, COLUMBUS, OH, 43229",Office suite number (not APT)
"963 ATLANTIC AVE, 623, COLUMBUS, OH, 43229",Office suite number (not APT)
"959 ATLANTIC AVE, 614, COLUMBUS, OH, 43229",Office suite number (not APT)
"5861 ROCHE DR, 13, COLUMBUS, OH, 43229",Office suite number (not APT)
"2420 LAURELWOOD DR, 1, COLUMBUS, OH, 43229",Office suite number (not APT)
"983 ATLANTIC AVE, 712, COLUMBUS, OH, 43229",Office suite number (not APT)
"5885 BEECHCROFT RD, 112, COLUMBUS, OH, 43229",Office suite number (not APT)
"5885 BEECHCROFT RD, 111, COLUMBUS, OH, 43229",Office suite number (not APT)
"1019 ATLANTIC AVE, 859, COLUMBUS, OH, 43229",Office suite number (not APT)
"973 ATLANTIC AVE, 673, COLUMBUS, OH, 43229",Office suite number (not APT)
"2450 TEAKWOOD DR, 14, COLUMBUS, OH, 43229",Office suite number (not APT)
"5861 ROCHE DR, 3, COLUMBUS, OH, 43229",Office suite number (not APT)
"1721 NORTHLAND PARK AVE, 200, COLUMBUS, OH, 43229",Office suite number (not APT)
"4645 TAMARACK BLVD, 200, COLUMBUS, OH, 43229",Office suite number (not APT)
"2450 TEAKWOOD DR, 15, COLUMBUS, OH, 43229",Office suite number (not APT)
"5861 ROCHE DR, 7, COLUMBUS, OH, 43229",Office suite number (not APT)
"997 ATLANTIC AVE, 773, COLUMBUS, OH, 43229",Office suite number (not APT)
"5885 BEECHCROFT RD, 116, COLUMBUS, OH, 43229",Office suite number (not APT)
"5885 BEECHCROFT RD, 212, COLUMBUS, OH, 43229",Office suite number (not APT)
"1035 MEDITERRANEAN AVE, 31, COLUMBUS, OH, 43229",Office suite number (not APT)
"5885 BEECHCROFT RD, 105, COLUMBUS, OH, 43229",Office suite number (not APT)
"975 ATLANTIC AVE, 675, COLUMBUS, OH, 43229",Office suite number (not APT)
"4645 TAMARACK BLVD, 324, COLUMBUS, OH, 43229",Office suite number (not APT)
"4645 TAMARACK BLVD, 133, COLUMBUS, OH, 43229",Office suite number (not APT)
"5861 ROCHE DR, 2, COLUMBUS, OH, 43229",Office suite number (not APT)
"1001 MEDITERRANEAN AVE, 22, COLUMBUS, OH, 43229",Office suite number (not APT)
"1017 ATLANTIC AVE, 847, COLUMBUS, OH, 43229",Office suite number (not APT)
"995 ATLANTIC AVE, 756, COLUMBUS, OH, 43229",Office suite number (not APT)
"991 ATLANTIC AVE, 744, COLUMBUS, OH, 43229",Office suite number (not APT)
"5861 ROCHE DR, 27, COLUMBUS, OH, 43229",Office suite number (not APT)
"6108 BOARDWALK ST, 5, COLUMBUS, OH, 43229",Office suite number (not APT)
"5636 KATHY RUN LN, 18, COLUMBUS, OH, 43229",Office suite number (not APT)
"989 ATLANTIC AVE, 741, COLUMBUS, OH, 43229",Office suite number (not APT)
"997 ATLANTIC AVE, 761, COLUMBUS, OH, 43229",Office suite number (not APT)
"5700 KATHY RUN LN, 11, COLUMBUS, OH, 43229",Office suite number (not APT)
"2450 TEAKWOOD DR, 4, COLUMBUS, OH, 43229",Office suite number (not APT)
"5885 BEECHCROFT RD, 306, COLUMBUS, OH, 43229",Office suite number (not APT)
"4645 TAMARACK BLVD, 321, COLUMBUS, OH, 43229",Office suite number (not APT)
"5970 SHARON WOODS BLVD, 213, COLUMBUS, OH, 43229",Office suite number (not APT)
"5861 ROCHE DR, 8, COLUMBUS, OH, 43229",Office suite number (not APT)
"5861 ROCHE DR, 32, COLUMBUS, OH, 43229",Office suite number (not APT)
"5861 ROCHE DR, 22, COLUMBUS, OH, 43229",Office suite number (not APT)
"5970 SHARON WOODS BLVD, 304, COLUMBUS, OH, 43229",Office suite number (not APT)
"963 ATLANTIC AVE, 625, COLUMBUS, OH, 43229",Office suite number (not APT)
"5712 KATHY RUN LN, 9, COLUMBUS, OH, 43229",Office suite number (not APT)
"995 ATLANTIC AVE, 755, COLUMBUS, OH, 43229",Office suite number (not APT)
"5970 SHARON WOODS BLVD, 315, COLUMBUS, OH, 43229",Office suite number (not APT)
"2452 TEAKWOOD DR, 21, COLUMBUS, OH, 43229",Office suite number (not APT)
"999 ATLANTIC AVE, 775, COLUMBUS, OH, 43229",Office suite number (not APT)
"993 ATLANTIC AVE, 750, COLUMBUS, OH, 43229",Office suite number (not APT)
"4645 TAMARACK BLVD, 320, COLUMBUS, OH, 43229",Office suite number (not APT)
"4645 TAMARACK BLVD, 123, COLUMBUS, OH, 43229",Office suite number (not APT)
"5861 ROCHE DR, 30, COLUMBUS, OH, 43229",Office suite number (not APT)
"5861 ROCHE DR, 33, COLUMBUS, OH, 43229",Office suite number (not APT)
"963 ATLANTIC AVE, 629, COLUMBUS, OH, 43229",Office suite number (not APT)
"1005 ATLANTIC AVE, 802, COLUMBUS, OH, 43229",Office suite number (not APT)
"1015 ATLANTIC AVE, 840, COLUMBUS, OH, 43229",Office suite number (not APT)
"997 ATLANTIC AVE, 762, COLUMBUS, OH, 43229",Office suite number (not APT)
"979 ATLANTIC AVE, 692, COLUMBUS, OH, 43229",Office suite number (not APT)
"971 ATLANTIC AVE, 659, COLUMBUS, OH, 43229",Office suite number (not APT)
"5885 BEECHCROFT RD, 107, COLUMBUS, OH, 43229",Office suite number (not APT)
"5885 BEECHCROFT RD, 318, COLUMBUS, OH, 43229",Office suite number (not APT)
"5730 KATHY RUN LN, 7, COLUMBUS, OH, 43229",Office suite number (not APT)
"5861 ROCHE DR, 23, COLUMBUS, OH, 43229",Office suite number (not APT)
"2452 TEAKWOOD DR, 20, COLUMBUS, OH, 43229",Office suite number (not APT)
"5885 BEECHCROFT RD, 301, COLUMBUS, OH, 43229",Office suite number (not APT)
"5885 BEECHCROFT RD, 208, COLUMBUS, OH, 43229",Office suite number (not APT)
"5885 BEECHCROFT RD, 310, COLUMBUS, OH, 43229",Office suite number (not APT)
"985 ATLANTIC AVE, 731, COLUMBUS, OH, 43229",Office suite number (not APT)
"985 ATLANTIC AVE, 726, COLUMBUS, OH, 43229",Office suite number (not APT)
"4600 NORTHTOWNE BLVD, 114, COLUMBUS, OH, 43229",Office suite number (not APT)
"4594 NORTHTOWNE BLVD, 215, COLUMBUS, OH, 43229",Office suite number (not APT)
"4600 NORTHTOWNE BLVD, 118, COLUMBUS, OH, 43229",Office suite number (not APT)
"4594 NORTHTOWNE BLVD, 214, COLUMBUS, OH, 43229",Office suite number (not APT)
"4594 NORTHTOWNE BLVD, 216, COLUMBUS, OH, 43229",Office suite number (not APT)
"4600 NORTHTOWNE BLVD, 107, COLUMBUS, OH, 43229",Office suite number (not APT)
"4594 NORTHTOWNE BLVD, 120, COLUMBUS, OH, 43229",Office suite number (not APT)
"4600 NORTHTOWNE BLVD, 214, COLUMBUS, OH, 43229",Office suite number (not APT)
"4600 NORTHTOWNE BLVD, 103, COLUMBUS, OH, 43229",Office suite number (not APT)
"4594 NORTHTOWNE BLVD, 108, COLUMBUS, OH, 43229",Office suite number (not APT)
"4600 NORTHTOWNE BLVD, 217, COLUMBUS, OH, 43229",Office suite number (not APT)
"4594 NORTHTOWNE BLVD, 104, COLUMBUS, OH, 43229",Office suite number (not APT)
"4600 NORTHTOWNE BLVD, 110, COLUMBUS, OH, 43229",Office suite number (not APT)
"4600 NORTHTOWNE BLVD, 205, COLUMBUS, OH, 43229",Office suite number (not APT)
"4594 NORTHTOWNE BLVD, 206, COLUMBUS, OH, 43229",Office suite number (not APT)
"4594 NORTHTOWNE BLVD, 112, COLUMBUS, OH, 43229",Office suite number (not APT)
"4594 NORTHTOWNE BLVD, 105, COLUMBUS, OH, 43229",Office suite number (not APT)
"4594 NORTHTOWNE BLVD, 110, COLUMBUS, OH, 43229",Office suite number (not APT)
"4594 NORTHTOWNE BLVD, 213, COLUMBUS, OH, 43229",Office suite number (not APT)
"4600 NORTHTOWNE BLVD, 209, COLUMBUS, OH, 43229",Office suite number (not APT)
"4600 NORTHTOWNE BLVD, 101, COLUMBUS, OH, 43229",Office suite number (not APT)
"4594 NORTHTOWNE BLVD, 202, COLUMBUS, OH, 43229",Office suite number (not APT)
"4594 NORTHTOWNE BLVD, 220, COLUMBUS, OH, 43229",Office suite number (not APT)
"4594 NORTHTOWNE BLVD, 207, COLUMBUS, OH, 43229",Office suite number (not APT)
"4594 NORTHTOWNE BLVD, 106, COLUMBUS, OH, 43229",Office suite number (not APT)
"4594 NORTHTOWNE BLVD, 107, COLUMBUS, OH, 43229",Office suite number (not APT)
"4594 NORTHTOWNE BLVD, 210, COLUMBUS, OH, 43229",Office suite number (not APT)
"4594 NORTHTOWNE BLVD, 113, COLUMBUS, OH, 43229",Office suite number (not APT)
"4594 NORTHTOWNE BLVD, 118, COLUMBUS, OH, 43229",Office suite number (not APT)
"4594 NORTHTOWNE BLVD, 109, COLUMBUS, OH, 43229",Office suite number (not APT)
"4594 NORTHTOWNE BLVD, 119, COLUMBUS, OH, 43229",Office suite number (not APT)
"4600 NORTHTOWNE BLVD, 112, COLUMBUS, OH, 43229",Office suite number (not APT)
"4600 NORTHTOWNE BLVD, 208, COLUMBUS, OH, 43229",Office suite number (not APT)
"4600 NORTHTOWNE BLVD, 207, COLUMBUS, OH, 43229",Office suite number (not APT)
"4600 NORTHTOWNE BLVD, 102, COLUMBUS, OH, 43229",Office suite number (not APT)
"4594 NORTHTOWNE BLVD, 101, COLUMBUS, OH, 43229",Office suite number (not APT)
"4600 NORTHTOWNE BLVD, 206, COLUMBUS, OH, 43229",Office suite number (not APT)
"4600 NORTHTOWNE BLVD, 115, COLUMBUS, OH, 43229",Office suite number (not APT)
"4600 NORTHTOWNE BLVD, 213, COLUMBUS, OH, 43229",Office suite number (not APT)
"4600 NORTHTOWNE BLVD, 219, COLUMBUS, OH, 43229",Office suite number (not APT)
"4594 NORTHTOWNE BLVD, 218, COLUMBUS, OH, 43229",Office suite number (not APT)
"4594 NORTHTOWNE BLVD, 203, COLUMBUS, OH, 43229",Office suite number (not APT)
"4594 NORTHTOWNE BLVD, 204, COLUMBUS, OH, 43229",Office suite number (not APT)
"4600 NORTHTOWNE BLVD, 119, COLUMBUS, OH, 43229",Office suite number (not APT)
"4594 NORTHTOWNE BLVD, 114, COLUMBUS, OH, 43229",Office suite number (not APT)
"4600 NORTHTOWNE BLVD, 106, COLUMBUS, OH, 43229",Office suite number (not APT)
"4600 NORTHTOWNE BLVD, 117, COLUMBUS, OH, 43229",Office suite number (not APT)
"4600 NORTHTOWNE BLVD, 113, COLUMBUS, OH, 43229",Office suite number (not APT)
"4594 NORTHTOWNE BLVD, 117, COLUMBUS, OH, 43229",Office suite number (not APT)
"4594 NORTHTOWNE BLVD, 115, COLUMBUS, OH, 43229",Office suite number (not APT)
"4600 NORTHTOWNE BLVD, 215, COLUMBUS, OH, 43229",Office suite number (not APT)
"4594 NORTHTOWNE BLVD, 102, COLUMBUS, OH, 43229",Office suite number (not APT)
"4594 NORTHTOWNE BLVD, 208, COLUMBUS, OH, 43229",Office suite number (not APT)
"4600 NORTHTOWNE BLVD, 108, COLUMBUS, OH, 43229",Office suite number (not APT)
"4600 NORTHTOWNE BLVD, 203, COLUMBUS, OH, 43229",Office suite number (not APT)
"4600 NORTHTOWNE BLVD, 220, COLUMBUS, OH, 43229",Office suite number (not APT)
"4594 NORTHTOWNE BLVD, 219, COLUMBUS, OH, 43229",Office suite number (not APT)
"4600 NORTHTOWNE BLVD, 111, COLUMBUS, OH, 43229",Office suite number (not APT)
"4600 NORTHTOWNE BLVD, 120, COLUMBUS, OH, 43229",Office suite number (not APT)
"4600 NORTHTOWNE BLVD, 211, COLUMBUS, OH, 43229",Office suite number (not APT)
"4600 NORTHTOWNE BLVD, 204, COLUMBUS, OH, 43229",Office suite number (not APT)
"4594 NORTHTOWNE BLVD, 116, COLUMBUS, OH, 43229",Office suite number (not APT)
"4594 NORTHTOWNE BLVD, 217, COLUMBUS, OH, 43229",Office suite number (not APT)
"4594 NORTHTOWNE BLVD, 205, COLUMBUS, OH, 43229",Office suite number (not APT)
"4600 NORTHTOWNE BLVD, 212, COLUMBUS, OH, 43229",Office suite number (not APT)
"4594 NORTHTOWNE BLVD, 212, COLUMBUS, OH, 43229",Office suite number (not APT)
"4600 NORTHTOWNE BLVD, 210, COLUMBUS, OH, 43229",Office suite number (not APT)
"4600 NORTHTOWNE BLVD, 109, COLUMBUS, OH, 43229",Office suite number (not APT)
"4600 NORTHTOWNE BLVD, 218, COLUMBUS, OH, 43229",Office suite number (not APT)
"4594 NORTHTOWNE BLVD, 111, COLUMBUS, OH, 43229",Office suite number (not APT)
"4594 NORTHTOWNE BLVD, 209, COLUMBUS, OH, 43229",Office suite number (not APT)
"4600 NORTHTOWNE BLVD, 104, COLUMBUS, OH, 43229",Office suite number (not APT)
"4600 NORTHTOWNE BLVD, 201, COLUMBUS, OH, 43229",Office suite number (not APT)
"4600 NORTHTOWNE BLVD, 202, COLUMBUS, OH, 43229",Office suite number (not APT)
"4594 NORTHTOWNE BLVD, 103, COLUMBUS, OH, 43229",Office suite number (not APT)
"4600 NORTHTOWNE BLVD, 105, COLUMBUS, OH, 43229",Office suite number (not APT)
"4600 NORTHTOWNE BLVD, 216, COLUMBUS, OH, 43229",Office suite number (not APT)
"4600 NORTHTOWNE BLVD, 116, COLUMBUS, OH, 43229",Office suite number (not APT)
"4594 NORTHTOWNE BLVD, 201, COLUMBUS, OH, 43229",Office suite number (not APT)
"4594 NORTHTOWNE BLVD, 211, COLUMBUS, OH, 43229",Office suite number (not APT)
