number,street,city,county,state,postcode,latitude,longitude
2214,Cleveland Ave,Columbus,Franklin,OH,43203,39.997462,-83.062609
6697,Morse Rd,Columbus,Franklin,OH,43205,39.982541,-82.994509
9518,Livingston Ave,Columbus,Franklin,OH,43212,39.891954,-83.0695
1563,Long St,Columbus,Franklin,OH,43206,40.016362,-83.005401
1296,Rich St,Columbus,Franklin,OH,43217,39.942684,-83.019987
1585,Livingston Ave,Columbus,Franklin,OH,43223,40.030891,-83.055408
9584,Henderson Rd,Columbus,Franklin,OH,43004,40.018289,-83.018364
4469,Spring St,Columbus,Franklin,OH,43212,39.901429,-82.933771
7890,Long St,Columbus,Franklin,OH,43026,40.034339,-83.034406
7215,Cleveland Ave,Columbus,Franklin,OH,43004,40.00226,-83.020928
9779,Gay St,Columbus,Franklin,OH,43220,39.90145,-83.01498
840,Broad St,Columbus,Franklin,OH,43205,39.960873,-83.014425
963,Cleveland Ave,Columbus,Franklin,OH,43212,40.033581,-82.996519
8392,Broad St,Columbus,Franklin,OH,43221,39.899589,-82.989216
9071,Spring St,Columbus,Franklin,OH,43203,39.89916,-83.060629
926,Main St,Columbus,Franklin,OH,43081,39.950864,-83.043373
1899,Livingston Ave,Columbus,Franklin,OH,43219,39.901924,-83.054341
7032,Henderson Rd,Columbus,Franklin,OH,43235,39.938245,-83.025259
6166,Cleveland Ave,Columbus,Franklin,OH,43215,39.958217,-82.955201
6149,Gay St,Columbus,Franklin,OH,43209,40.030916,-82.932843
7562,Grant Ave,Columbus,Franklin,OH,43202,39.993534,-83.025708
1374,Henderson Rd,Columbus,Franklin,OH,43054,40.019571,-83.013291
8962,Spring St,Columbus,Franklin,OH,43235,40.001305,-82.920061
1803,Long St,Columbus,Franklin,OH,43026,39.895254,-82.953776
9794,Gay St,Columbus,Franklin,OH,43212,39.98421,-83.067752
6149,Morse Rd,Columbus,Franklin,OH,43210,39.929929,-83.061101
994,Rich St,Columbus,Franklin,OH,43215,39.939879,-83.037238
8670,Main St,Columbus,Franklin,OH,43054,40.004824,-83.001588
1200,Morse Rd,Columbus,Franklin,OH,43081,39.887575,-82.962489
6688,Cleveland Ave,Columbus,Franklin,OH,43085,39.911623,-82.929198
4529,Bethel Rd,Columbus,Franklin,OH,43219,39.987715,-83.045782
9207,Broad St,Columbus,Franklin,OH,43227,39.972232,-83.002985
5792,Bethel Rd,Columbus,Franklin,OH,43211,39.948264,-82.929914
3545,Livingston Ave,Columbus,Franklin,OH,43221,39.927404,-82.981155
384,Gay St,Columbus,Franklin,OH,43215,40.029541,-82.96995
5400,State St,Columbus,Franklin,OH,43119,39.965678,-82.932671
2958,Cleveland Ave,Columbus,Franklin,OH,43205,40.0296,-82.997878
3359,Broad St,Columbus,Franklin,OH,43229,39.937299,-83.02496
9147,Bethel Rd,Columbus,Franklin,OH,43207,39.970409,-83.033407
2285,Henderson Rd,Columbus,Franklin,OH,43209,39.929722,-82.955556
5161,Long St,Columbus,Franklin,OH,43221,39.943514,-83.076066
4604,Livingston Ave,Columbus,Franklin,OH,43230,39.915149,-82.967932
9227,Livingston Ave,Columbus,Franklin,OH,43081,39.975737,-83.00802
1826,Park St,Columbus,Franklin,OH,43204,39.894861,-82.932342
769,Main St,Columbus,Franklin,OH,43004,39.918426,-82.970146
4766,Morse Rd,Columbus,Franklin,OH,43004,39.924221,-83.048277
8922,Henderson Rd,Columbus,Franklin,OH,43222,40.001971,-82.957034
919,Main St,Columbus,Franklin,OH,43054,39.891155,-82.931264
6734,State St,Columbus,Franklin,OH,43123,39.907896,-82.952926
2121,Summit St,Columbus,Franklin,OH,43026,40.000511,-82.972948
6239,Broad St,Columbus,Franklin,OH,43227,39.921567,-83.05473
8831,Main St,Columbus,Franklin,OH,43222,40.009268,-82.926622
7123,Rich St,Columbus,Franklin,OH,43201,40.034613,-82.962358
889,Morse Rd,Columbus,Franklin,OH,43206,40.020205,-82.987214
6085,Henderson Rd,Columbus,Franklin,OH,43215,39.96859,-82.961916
3254,Rich St,Columbus,Franklin,OH,43213,39.911725,-83.005801
776,Livingston Ave,Columbus,Franklin,OH,43220,39.938869,-82.990436
6680,Cleveland Ave,Columbus,Franklin,OH,43230,39.923473,-82.959188
623,Cleveland Ave,Columbus,Franklin,OH,43209,39.956836,-82.952342
5132,Henderson Rd,Columbus,Franklin,OH,43204,39.929492,-82.947264
7125,Morse Rd,Columbus,Franklin,OH,43223,39.887644,-83.067533
6345,Rich St,Columbus,Franklin,OH,43235,40.017592,-82.945837
2835,Long St,Columbus,Franklin,OH,43213,39.963527,-82.936969
5164,Cleveland Ave,Columbus,Franklin,OH,43223,39.882453,-82.963551
6364,Spring St,Columbus,Franklin,OH,43054,39.91041,-83.02092
1860,Morse Rd,Columbus,Franklin,OH,43214,39.975269,-82.949977
5348,Park St,Columbus,Franklin,OH,43213,39.971125,-83.065367
6015,Bethel Rd,Columbus,Franklin,OH,43220,39.945709,-82.979369
7767,Livingston Ave,Columbus,Franklin,OH,43204,40.037741,-82.98636
425,Grant Ave,Columbus,Franklin,OH,43213,39.885225,-82.97676
2509,Bethel Rd,Columbus,Franklin,OH,43203,39.893365,-82.945458
1404,Town St,Columbus,Franklin,OH,43211,39.927507,-83.000119
1692,Cleveland Ave,Columbus,Franklin,OH,43119,39.914651,-82.979209
7255,Morse Rd,Columbus,Franklin,OH,43082,39.899146,-83.007905
5869,Broad St,Columbus,Franklin,OH,43213,39.917256,-83.01337
9477,Park St,Columbus,Franklin,OH,43204,39.971917,-82.957243
1865,Bethel Rd,Columbus,Franklin,OH,43215,39.893803,-82.924133
7866,Summit St,Columbus,Franklin,OH,43202,39.956539,-82.948291
1169,Spring St,Columbus,Franklin,OH,43213,39.903755,-82.963857
3617,Bethel Rd,Columbus,Franklin,OH,43212,39.947442,-83.073955
4257,State St,Columbus,Franklin,OH,43054,40.013831,-82.926496
1416,Town St,Columbus,Franklin,OH,43202,40.000438,-82.942084
1008,Rich St,Columbus,Franklin,OH,43231,39.941105,-83.015873
5973,Spring St,Columbus,Franklin,OH,43085,40.03223,-83.064947
4950,Grant Ave,Columbus,Franklin,OH,43220,39.947224,-82.954927
4947,Town St,Columbus,Franklin,OH,43227,39.981655,-82.952463
9755,Cleveland Ave,Columbus,Franklin,OH,43223,39.969686,-83.029619
3266,Henderson Rd,Columbus,Franklin,OH,43207,40.004854,-83.01538
4629,Main St,Columbus,Franklin,OH,43082,39.935554,-83.07771
2289,Town St,Columbus,Franklin,OH,43202,39.893403,-83.038877
1733,Gay St,Columbus,Franklin,OH,43203,39.912566,-83.040458
844,Morse Rd,Columbus,Franklin,OH,43202,40.032283,-82.967445
7750,Park St,Columbus,Franklin,OH,43054,39.901986,-83.013231
8834,Cleveland Ave,Columbus,Franklin,OH,43211,39.883853,-83.011428
9263,Broad St,Columbus,Franklin,OH,43215,39.901155,-82.977259
3916,Gay St,Columbus,Franklin,OH,43230,40.034856,-82.946078
599,Broad St,Columbus,Franklin,OH,43211,39.968266,-82.965817
3268,State St,Columbus,Franklin,OH,43230,39.972137,-82.960698
1571,Henderson Rd,Columbus,Franklin,OH,43206,40.006263,-83.073607
8718,Summit St,Columbus,Franklin,OH,43214,39.938379,-83.051786
3091,Bethel Rd,Columbus,Franklin,OH,43231,40.0277,-83.044952
1915,Grant Ave,Columbus,Franklin,OH,43215,40.033644,-82.945843
4072,Morse Rd,Columbus,Franklin,OH,43213,39.88141,-83.040882
1272,Broad St,Columbus,Franklin,OH,43235,39.940146,-83.031582
3191,Morse Rd,Columbus,Franklin,OH,43210,40.023491,-83.040762
2501,Park St,Columbus,Franklin,OH,43085,40.035473,-82.969794
2364,High St,Columbus,Franklin,OH,43123,39.903161,-82.952442
6945,Livingston Ave,Columbus,Franklin,OH,43215,39.946066,-82.995394
1764,High St,Columbus,Franklin,OH,43085,39.970323,-82.992971
3321,Grant Ave,Columbus,Franklin,OH,43201,39.886122,-82.942319
788,Broad St,Columbus,Franklin,OH,43081,39.902772,-83.042084
1690,High St,Columbus,Franklin,OH,43221,39.949662,-83.028958
2472,Broad St,Columbus,Franklin,OH,43209,39.918937,-82.965596
7706,Livingston Ave,Columbus,Franklin,OH,43214,39.902306,-83.001079
9809,Summit St,Columbus,Franklin,OH,43085,39.989654,-83.043861
8654,Livingston Ave,Columbus,Franklin,OH,43224,40.023272,-82.9493
2131,Bethel Rd,Columbus,Franklin,OH,43229,40.022871,-83.01027
2694,Long St,Columbus,Franklin,OH,43221,40.041187,-83.028731
8760,High St,Columbus,Franklin,OH,43081,39.992889,-82.950491
2667,Henderson Rd,Columbus,Franklin,OH,43230,39.90628,-83.008495
3467,State St,Columbus,Franklin,OH,43081,39.920229,-83.050509
1546,Grant Ave,Columbus,Franklin,OH,43206,39.991111,-82.975095
2127,High St,Columbus,Franklin,OH,43054,39.924188,-83.024767
7311,Grant Ave,Columbus,Franklin,OH,43207,39.992553,-83.013239
2710,Bethel Rd,Columbus,Franklin,OH,43219,40.029486,-82.954076
1091,Spring St,Columbus,Franklin,OH,43054,39.96652,-83.055735
4684,Bethel Rd,Columbus,Franklin,OH,43229,39.890919,-82.934573
9773,Broad St,Columbus,Franklin,OH,43201,40.027267,-83.019731
7297,Spring St,Columbus,Franklin,OH,43231,39.974908,-83.062024
6405,Spring St,Columbus,Franklin,OH,43085,39.912836,-82.972656
9858,State St,Columbus,Franklin,OH,43210,39.956493,-83.02425
3356,Gay St,Columbus,Franklin,OH,43210,39.930354,-82.979709
8484,Long St,Columbus,Franklin,OH,43222,39.898074,-83.068613
1988,Livingston Ave,Columbus,Franklin,OH,43211,39.988903,-83.056553
4689,Main St,Columbus,Franklin,OH,43223,39.990482,-82.989522
4761,Rich St,Columbus,Franklin,OH,43212,39.899209,-82.977504
6193,Cleveland Ave,Columbus,Franklin,OH,43215,39.889518,-83.073266
1962,Broad St,Columbus,Franklin,OH,43203,39.96107,-82.977935
5183,Main St,Columbus,Franklin,OH,43212,39.883983,-82.959436
1887,Rich St,Columbus,Franklin,OH,43224,40.015755,-82.987014
9952,Gay St,Columbus,Franklin,OH,43054,39.928752,-82.938795
2139,Town St,Columbus,Franklin,OH,43119,39.964454,-82.927257
357,Gay St,Columbus,Franklin,OH,43224,39.985729,-83.017017
7937,Broad St,Columbus,Franklin,OH,43227,39.909193,-82.951205
195,Henderson Rd,Columbus,Franklin,OH,43207,39.991663,-82.979028
7781,Henderson Rd,Columbus,Franklin,OH,43203,39.935752,-82.977789
4896,Park St,Columbus,Franklin,OH,43230,39.909534,-82.952249
3634,Park St,Columbus,Franklin,OH,43082,39.88658,-83.032571
5561,Livingston Ave,Columbus,Franklin,OH,43221,40.024853,-83.027206
4193,Town St,Columbus,Franklin,OH,43004,39.889841,-82.943701
4004,Cleveland Ave,Columbus,Franklin,OH,43210,39.915504,-83.069269
9900,High St,Columbus,Franklin,OH,43229,39.881298,-83.020553
928,Broad St,Columbus,Franklin,OH,43204,39.954728,-82.980878
5426,Cleveland Ave,Columbus,Franklin,OH,43207,40.033234,-83.010257
4060,Town St,Columbus,Franklin,OH,43202,39.899525,-82.979642
2727,Morse Rd,Columbus,Franklin,OH,43004,39.972045,-82.97695
4557,Broad St,Columbus,Franklin,OH,43224,39.906918,-83.005316
805,Morse Rd,Columbus,Franklin,OH,43222,39.900026,-82.930604
3700,Gay St,Columbus,Franklin,OH,43230,39.991434,-83.034025
2628,Long St,Columbus,Franklin,OH,43217,39.976347,-82.945473
7686,State St,Columbus,Franklin,OH,43221,39.899313,-82.954975
7071,Summit St,Columbus,Franklin,OH,43123,40.012566,-82.958104
1959,Henderson Rd,Columbus,Franklin,OH,43224,39.962697,-82.924551
301,Rich St,Columbus,Franklin,OH,43227,40.003115,-82.987302
9989,Gay St,Columbus,Franklin,OH,43123,39.901233,-82.932804
6105,Broad St,Columbus,Franklin,OH,43123,39.959253,-83.074098
5348,Broad St,Columbus,Franklin,OH,43217,39.889746,-82.954976
8137,Livingston Ave,Columbus,Franklin,OH,43205,40.023594,-82.959483
3372,Park St,Columbus,Franklin,OH,43217,39.957014,-82.989118
3017,Town St,Columbus,Franklin,OH,43227,39.924891,-83.012852
5626,Long St,Columbus,Franklin,OH,43220,39.989794,-82.945595
5314,Livingston Ave,Columbus,Franklin,OH,43211,39.894884,-83.064214
1731,Morse Rd,Columbus,Franklin,OH,43085,39.999057,-82.940972
4709,Cleveland Ave,Columbus,Franklin,OH,43223,39.989641,-82.938645
8740,Livingston Ave,Columbus,Franklin,OH,43210,39.897051,-83.072339
5642,High St,Columbus,Franklin,OH,43235,39.950547,-83.059856
3366,Broad St,Columbus,Franklin,OH,43203,40.032151,-83.02277
8155,State St,Columbus,Franklin,OH,43203,39.966877,-82.973351
5840,Long St,Columbus,Franklin,OH,43004,39.890451,-82.927232
3644,Long St,Columbus,Franklin,OH,43224,39.947872,-82.990854
1104,Morse Rd,Columbus,Franklin,OH,43210,39.992413,-83.036568
8422,Cleveland Ave,Columbus,Franklin,OH,43212,39.920677,-82.965456
7716,Long St,Columbus,Franklin,OH,43235,39.919594,-83.078611
9218,Park St,Columbus,Franklin,OH,43085,39.973138,-82.949252
2827,Morse Rd,Columbus,Franklin,OH,43026,39.887893,-82.994272
312,Livingston Ave,Columbus,Franklin,OH,43231,40.019919,-83.049969
6605,Broad St,Columbus,Franklin,OH,43081,39.95015,-82.958147
8360,Broad St,Columbus,Franklin,OH,43224,39.932791,-83.035224
2542,Town St,Columbus,Franklin,OH,43210,39.979904,-83.076729
8937,Bethel Rd,Columbus,Franklin,OH,43230,40.009399,-82.921923
3742,Main St,Columbus,Franklin,OH,43213,39.943762,-82.955428
683,Cleveland Ave,Columbus,Franklin,OH,43213,39.942561,-82.993
8430,Gay St,Columbus,Franklin,OH,43204,39.987398,-82.973686
5350,Morse Rd,Columbus,Franklin,OH,43209,39.925172,-82.960604
6101,State St,Columbus,Franklin,OH,43222,39.983317,-82.962146
2422,Morse Rd,Columbus,Franklin,OH,43220,39.948082,-82.927589
3008,Bethel Rd,Columbus,Franklin,OH,43203,40.027985,-82.96782
7794,Park St,Columbus,Franklin,OH,43211,40.000862,-82.936675
6763,Gay St,Columbus,Franklin,OH,43205,40.013529,-82.971616
7972,Summit St,Columbus,Franklin,OH,43227,39.924585,-83.000104
1858,Broad St,Columbus,Franklin,OH,43231,39.940802,-82.995936
4456,High St,Columbus,Franklin,OH,43081,40.010337,-83.036756
7069,Gay St,Columbus,Franklin,OH,43206,40.039924,-83.044561
2322,Summit St,Columbus,Franklin,OH,43223,39.930212,-82.996808
4192,Henderson Rd,Columbus,Franklin,OH,43217,39.891501,-82.919968
2160,Main St,Columbus,Franklin,OH,43215,39.903822,-83.001104
8550,Spring St,Columbus,Franklin,OH,43220,39.895855,-83.021045
3950,Bethel Rd,Columbus,Franklin,OH,43026,39.954791,-83.066681
4766,Cleveland Ave,Columbus,Franklin,OH,43054,39.998716,-82.949773
7093,Morse Rd,Columbus,Franklin,OH,43229,39.957551,-83.003923
3067,Cleveland Ave,Columbus,Franklin,OH,43082,39.993321,-83.051408
6705,Town St,Columbus,Franklin,OH,43224,40.018607,-82.94813
3387,Morse Rd,Columbus,Franklin,OH,43221,40.02127,-82.963284
6159,Long St,Columbus,Franklin,OH,43231,39.955072,-83.06226
1116,Henderson Rd,Columbus,Franklin,OH,43221,39.943967,-82.923743
6990,Henderson Rd,Columbus,Franklin,OH,43201,39.971413,-83.021674
8820,Park St,Columbus,Franklin,OH,43227,39.973173,-83.03199
6531,Park St,Columbus,Franklin,OH,43213,39.929343,-82.953227
5342,Park St,Columbus,Franklin,OH,43004,40.033943,-83.045221
1520,Rich St,Columbus,Franklin,OH,43229,40.031074,-82.984627
4240,Rich St,Columbus,Franklin,OH,43214,39.983707,-82.9929
4703,Main St,Columbus,Franklin,OH,43203,39.995877,-82.982538
6902,Town St,Columbus,Franklin,OH,43026,39.955771,-83.05623
6226,Rich St,Columbus,Franklin,OH,43229,39.913526,-83.050251
4406,Cleveland Ave,Columbus,Franklin,OH,43214,39.945627,-83.048387
4531,Spring St,Columbus,Franklin,OH,43217,39.910368,-82.956238
8193,State St,Columbus,Franklin,OH,43085,39.988587,-82.996956
445,Park St,Columbus,Franklin,OH,43209,39.883425,-83.065059
3685,Town St,Columbus,Franklin,OH,43217,39.959184,-82.959946
9949,Bethel Rd,Columbus,Franklin,OH,43204,39.939939,-82.924112
493,Cleveland Ave,Columbus,Franklin,OH,43119,39.8843,-82.969732
3842,Bethel Rd,Columbus,Franklin,OH,43215,39.951122,-82.93811
1201,Broad St,Columbus,Franklin,OH,43204,39.990557,-82.932171
2948,Gay St,Columbus,Franklin,OH,43219,39.983711,-82.997429
7254,Livingston Ave,Columbus,Franklin,OH,43230,39.999137,-82.943385
2776,Gay St,Columbus,Franklin,OH,43235,40.004271,-82.978813
8163,Town St,Columbus,Franklin,OH,43085,39.932367,-83.011373
4336,Livingston Ave,Columbus,Franklin,OH,43205,39.948608,-82.931271
9928,Morse Rd,Columbus,Franklin,OH,43220,39.943193,-83.072681
5048,High St,Columbus,Franklin,OH,43085,40.011116,-83.014679
5776,Livingston Ave,Columbus,Franklin,OH,43235,39.89818,-83.071638
2553,Town St,Columbus,Franklin,OH,43230,40.02289,-83.07197
747,State St,Columbus,Franklin,OH,43219,39.900269,-83.05014
4740,Morse Rd,Columbus,Franklin,OH,43210,39.912802,-82.999238
4048,Rich St,Columbus,Franklin,OH,43229,39.955165,-82.970088
2053,Town St,Columbus,Franklin,OH,43085,39.910874,-83.058098
1810,State St,Columbus,Franklin,OH,43231,39.972335,-82.97721
6091,Park St,Columbus,Franklin,OH,43213,39.90374,-83.074799
7611,Gay St,Columbus,Franklin,OH,43119,39.930116,-82.996661
7894,Town St,Columbus,Franklin,OH,43201,39.969988,-83.057931
984,Bethel Rd,Columbus,Franklin,OH,43210,39.962949,-83.061831
5603,Gay St,Columbus,Franklin,OH,43227,39.88956,-83.045293
759,Town St,Columbus,Franklin,OH,43222,40.027942,-83.068547
9263,Morse Rd,Columbus,Franklin,OH,43206,39.998187,-82.934284
5627,Long St,Columbus,Franklin,OH,43209,40.040745,-83.0711
8067,Grant Ave,Columbus,Franklin,OH,43204,40.02657,-82.953055
6747,Town St,Columbus,Franklin,OH,43209,39.954279,-82.951131
466,Cleveland Ave,Columbus,Franklin,OH,43219,39.946926,-82.949174
2989,Broad St,Columbus,Franklin,OH,43203,39.983446,-82.952408
1484,Park St,Columbus,Franklin,OH,43235,39.906815,-83.051646
8466,Cleveland Ave,Columbus,Franklin,OH,43203,40.025073,-82.927884
1480,Cleveland Ave,Columbus,Franklin,OH,43004,40.016686,-82.95723
7327,Rich St,Columbus,Franklin,OH,43119,40.038878,-82.942844
9293,Broad St,Columbus,Franklin,OH,43223,39.97615,-83.060186
6686,Morse Rd,Columbus,Franklin,OH,43205,39.913409,-82.933351
5672,Town St,Columbus,Franklin,OH,43221,40.013607,-83.01295
7856,Main St,Columbus,Franklin,OH,43220,40.010548,-82.969434
383,Long St,Columbus,Franklin,OH,43206,40.002995,-82.962744
332,Grant Ave,Columbus,Franklin,OH,43207,39.92989,-82.948551
4313,Park St,Columbus,Franklin,OH,43123,40.027431,-83.024334
6305,Summit St,Columbus,Franklin,OH,43221,39.964655,-83.001697
7763,State St,Columbus,Franklin,OH,43085,39.906698,-83.072794
4230,Summit St,Columbus,Franklin,OH,43204,39.970561,-83.076456
3331,Cleveland Ave,Columbus,Franklin,OH,43213,39.883431,-83.016758
5133,Bethel Rd,Columbus,Franklin,OH,43224,39.907979,-83.054621
4788,Livingston Ave,Columbus,Franklin,OH,43203,40.016645,-82.937281
5989,Livingston Ave,Columbus,Franklin,OH,43230,39.900458,-82.953016
5060,Rich St,Columbus,Franklin,OH,43230,39.895904,-82.925449
9354,Grant Ave,Columbus,Franklin,OH,43203,39.948819,-83.061656
3339,Park St,Columbus,Franklin,OH,43230,40.002801,-83.03088
1061,Bethel Rd,Columbus,Franklin,OH,43232,40.021372,-82.960634
7609,Park St,Columbus,Franklin,OH,43213,39.904526,-83.04115
5327,Henderson Rd,Columbus,Franklin,OH,43227,39.987627,-82.995074
252,Park St,Columbus,Franklin,OH,43201,40.035052,-83.05098
7126,Cleveland Ave,Columbus,Franklin,OH,43210,39.985148,-83.073766
3893,Broad St,Columbus,Franklin,OH,43081,39.988721,-82.969966
6372,Morse Rd,Columbus,Franklin,OH,43209,40.008769,-82.923273
2058,Morse Rd,Columbus,Franklin,OH,43209,39.996222,-82.998798
8400,Henderson Rd,Columbus,Franklin,OH,43119,39.99073,-83.044369
6542,Livingston Ave,Columbus,Franklin,OH,43211,40.023451,-83.001949
8140,Town St,Columbus,Franklin,OH,43217,40.003123,-83.013627
2941,Main St,Columbus,Franklin,OH,43054,40.021623,-82.932702
2822,Summit St,Columbus,Franklin,OH,43224,39.951782,-82.976732
8269,Cleveland Ave,Columbus,Franklin,OH,43213,39.98222,-83.077778
6592,Park St,Columbus,Franklin,OH,43026,39.952633,-82.940776
2142,Livingston Ave,Columbus,Franklin,OH,43203,39.958542,-83.060774
7064,Morse Rd,Columbus,Franklin,OH,43085,39.881747,-82.943361
3088,Town St,Columbus,Franklin,OH,43213,39.962632,-83.008233
1659,Main St,Columbus,Franklin,OH,43209,40.001352,-83.020757
7038,Town St,Columbus,Franklin,OH,43206,39.956822,-82.959131
2824,Long St,Columbus,Franklin,OH,43026,40.015211,-83.056331
4576,Spring St,Columbus,Franklin,OH,43213,39.998302,-83.013688
9005,Spring St,Columbus,Franklin,OH,43222,39.925743,-83.048828
7874,Long St,Columbus,Franklin,OH,43206,40.004268,-82.993591
2309,Cleveland Ave,Columbus,Franklin,OH,43220,39.980782,-83.029933
7427,Park St,Columbus,Franklin,OH,43232,39.978826,-83.070795
375,Park St,Columbus,Franklin,OH,43224,39.955876,-83.074102
7461,Rich St,Columbus,Franklin,OH,43231,39.900505,-83.007636
8524,Rich St,Columbus,Franklin,OH,43204,39.98413,-82.945908
6904,State St,Columbus,Franklin,OH,43209,39.940806,-83.037334
9351,Cleveland Ave,Columbus,Franklin,OH,43213,40.03885,-83.038823
5206,Broad St,Columbus,Franklin,OH,43219,39.97642,-83.064323
2207,Long St,Columbus,Franklin,OH,43213,39.978843,-82.996878
2470,Gay St,Columbus,Franklin,OH,43206,39.954931,-83.060719
9729,Morse Rd,Columbus,Franklin,OH,43081,39.90948,-82.972825
1200,Henderson Rd,Columbus,Franklin,OH,43214,39.93144,-83.024821
9981,Main St,Columbus,Franklin,OH,43221,40.039249,-82.926888
4379,Rich St,Columbus,Franklin,OH,43206,40.007358,-83.042
8873,State St,Columbus,Franklin,OH,43221,39.930998,-82.980637
435,Gay St,Columbus,Franklin,OH,43201,39.976382,-82.971674
586,Morse Rd,Columbus,Franklin,OH,43214,39.997649,-83.027038
6730,Henderson Rd,Columbus,Franklin,OH,43081,40.002923,-82.925602
7276,High St,Columbus,Franklin,OH,43211,39.976753,-83.069811
1495,Summit St,Columbus,Franklin,OH,43082,39.994203,-82.984246
1903,Rich St,Columbus,Franklin,OH,43221,39.978185,-82.95584
5633,Livingston Ave,Columbus,Franklin,OH,43123,39.887876,-83.004462
5001,Morse Rd,Columbus,Franklin,OH,43212,39.897788,-83.044899
4817,Town St,Columbus,Franklin,OH,43203,40.040976,-82.970845
6941,Broad St,Columbus,Franklin,OH,43202,39.912078,-82.949774
9260,Main St,Columbus,Franklin,OH,43222,39.987895,-82.940188
8121,Cleveland Ave,Columbus,Franklin,OH,43209,39.959603,-82.936395
8508,High St,Columbus,Franklin,OH,43085,39.956791,-82.972536
5538,Gay St,Columbus,Franklin,OH,43221,39.972926,-83.038697
2237,Grant Ave,Columbus,Franklin,OH,43224,39.99615,-83.059169
9255,Grant Ave,Columbus,Franklin,OH,43026,39.906138,-83.060878
7140,Summit St,Columbus,Franklin,OH,43231,39.920368,-83.07837
3212,Town St,Columbus,Franklin,OH,43202,39.989408,-83.031339
8943,Bethel Rd,Columbus,Franklin,OH,43222,39.90922,-83.006259
7460,Park St,Columbus,Franklin,OH,43229,39.959675,-83.014259
6612,Rich St,Columbus,Franklin,OH,43212,39.973993,-83.017649
614,Long St,Columbus,Franklin,OH,43119,39.883785,-83.06606
2522,Bethel Rd,Columbus,Franklin,OH,43213,40.026284,-82.951452
6652,Spring St,Columbus,Franklin,OH,43123,40.008679,-82.925651
7537,Rich St,Columbus,Franklin,OH,43085,40.031513,-83.014851
5668,Long St,Columbus,Franklin,OH,43209,40.029773,-83.071906
100,High St,Columbus,Franklin,OH,43219,39.978346,-83.020661
8717,Morse Rd,Columbus,Franklin,OH,43026,39.982211,-83.055873
8519,Long St,Columbus,Franklin,OH,43202,40.033507,-83.023508
7240,Grant Ave,Columbus,Franklin,OH,43119,39.892085,-82.949906
1103,Long St,Columbus,Franklin,OH,43201,39.999124,-83.053272
4343,Morse Rd,Columbus,Franklin,OH,43026,39.887266,-82.957563
329,Bethel Rd,Columbus,Franklin,OH,43214,39.90576,-83.045508
8468,Broad St,Columbus,Franklin,OH,43235,39.95339,-82.926755
1128,Henderson Rd,Columbus,Franklin,OH,43231,39.952351,-82.957918
4023,Gay St,Columbus,Franklin,OH,43201,40.000552,-83.020451
677,Main St,Columbus,Franklin,OH,43227,39.903073,-83.06834
5714,Livingston Ave,Columbus,Franklin,OH,43224,39.942311,-82.949848
6062,Livingston Ave,Columbus,Franklin,OH,43215,39.988016,-83.067244
6244,High St,Columbus,Franklin,OH,43219,39.925312,-82.938991
1754,Park St,Columbus,Franklin,OH,43213,40.010161,-83.031768
9060,Livingston Ave,Columbus,Franklin,OH,43206,39.986042,-83.066337
1088,Morse Rd,Columbus,Franklin,OH,43204,39.88267,-83.002587
2294,Long St,Columbus,Franklin,OH,43082,39.932309,-82.929828
9738,Spring St,Columbus,Franklin,OH,43223,39.917202,-83.007998
3403,Morse Rd,Columbus,Franklin,OH,43004,40.015102,-83.040677
7631,State St,Columbus,Franklin,OH,43081,39.990946,-83.011256
3425,Henderson Rd,Columbus,Franklin,OH,43026,39.909372,-82.981596
8353,State St,Columbus,Franklin,OH,43224,40.030817,-82.994638
9197,Town St,Columbus,Franklin,OH,43082,39.882022,-83.030373
724,Broad St,Columbus,Franklin,OH,43026,39.985414,-82.934749
6832,Livingston Ave,Columbus,Franklin,OH,43085,39.925006,-82.982145
554,Grant Ave,Columbus,Franklin,OH,43219,39.993522,-83.043265
1679,Park St,Columbus,Franklin,OH,43209,40.0171,-82.96251
7329,State St,Columbus,Franklin,OH,43229,39.933627,-83.076622
8417,Cleveland Ave,Columbus,Franklin,OH,43206,39.937962,-82.965181
1036,State St,Columbus,Franklin,OH,43221,39.909642,-82.935392
4508,Broad St,Columbus,Franklin,OH,43220,40.021691,-82.942168
9363,Broad St,Columbus,Franklin,OH,43221,39.914438,-83.002406
2557,Long St,Columbus,Franklin,OH,43212,39.994001,-83.051322
1630,Grant Ave,Columbus,Franklin,OH,43222,39.932329,-82.9381
1025,Park St,Columbus,Franklin,OH,43085,39.901223,-83.072035
6980,Rich St,Columbus,Franklin,OH,43235,39.902679,-83.078346
1848,Long St,Columbus,Franklin,OH,43206,39.899496,-83.077498
9521,Grant Ave,Columbus,Franklin,OH,43210,39.929849,-83.038388
7097,Livingston Ave,Columbus,Franklin,OH,43222,39.967215,-82.940268
1225,Rich St,Columbus,Franklin,OH,43209,39.894911,-83.068258
6520,High St,Columbus,Franklin,OH,43229,39.895996,-82.965774
6887,Morse Rd,Columbus,Franklin,OH,43119,39.907438,-83.022144
8369,Town St,Columbus,Franklin,OH,43215,39.890406,-82.941842
8307,Livingston Ave,Columbus,Franklin,OH,43085,39.924387,-82.950077
5315,Henderson Rd,Columbus,Franklin,OH,43202,39.892612,-83.029128
9582,Town St,Columbus,Franklin,OH,43215,40.038845,-83.013839
5679,Park St,Columbus,Franklin,OH,43205,39.906554,-82.973811
4831,Long St,Columbus,Franklin,OH,43214,40.000858,-82.919011
370,Morse Rd,Columbus,Franklin,OH,43220,40.00223,-83.009033
3029,Broad St,Columbus,Franklin,OH,43026,39.963284,-83.004712
8816,Long St,Columbus,Franklin,OH,43235,40.026864,-83.043401
7959,State St,Columbus,Franklin,OH,43207,39.893425,-83.077752
1408,High St,Columbus,Franklin,OH,43202,39.945012,-83.004057
2481,Morse Rd,Columbus,Franklin,OH,43219,40.013116,-82.980394
9297,Summit St,Columbus,Franklin,OH,43231,40.040422,-82.990067
7956,State St,Columbus,Franklin,OH,43227,39.964788,-83.050538
9958,Gay St,Columbus,Franklin,OH,43203,40.036361,-83.073456
6863,Cleveland Ave,Columbus,Franklin,OH,43123,39.929022,-82.924394
415,Livingston Ave,Columbus,Franklin,OH,43227,40.03936,-82.955789
8102,Town St,Columbus,Franklin,OH,43223,39.966958,-82.921024
3551,Henderson Rd,Columbus,Franklin,OH,43220,39.899847,-82.932907
4167,Park St,Columbus,Franklin,OH,43210,40.028262,-82.938554
9534,Summit St,Columbus,Franklin,OH,43206,39.899225,-82.928314
6680,State St,Columbus,Franklin,OH,43215,40.03993,-82.965188
742,Gay St,Columbus,Franklin,OH,43223,39.918442,-83.04118
9764,Grant Ave,Columbus,Franklin,OH,43004,39.998999,-83.041521
3083,Long St,Columbus,Franklin,OH,43229,40.01062,-82.951099
8090,Cleveland Ave,Columbus,Franklin,OH,43219,39.888694,-83.074701
8115,Park St,Columbus,Franklin,OH,43207,40.00185,-82.984815
2513,Summit St,Columbus,Franklin,OH,43223,40.039647,-83.074217
2178,Main St,Columbus,Franklin,OH,43215,40.02818,-82.96999
9989,Gay St,Columbus,Franklin,OH,43206,39.934913,-82.94667
4881,Spring St,Columbus,Franklin,OH,43212,40.027484,-83.000583
2755,Park St,Columbus,Franklin,OH,43232,40.031676,-83.063796
974,Park St,Columbus,Franklin,OH,43219,40.003375,-83.044988
9038,Henderson Rd,Columbus,Franklin,OH,43220,39.974966,-82.929472
7160,Broad St,Columbus,Franklin,OH,43223,39.895936,-83.073086
5719,Town St,Columbus,Franklin,OH,43209,39.882223,-82.970857
9407,Town St,Columbus,Franklin,OH,43202,39.951066,-83.074028
4054,High St,Columbus,Franklin,OH,43224,40.002559,-82.943948
8208,Park St,Columbus,Franklin,OH,43214,39.994344,-82.944416
3489,Gay St,Columbus,Franklin,OH,43230,39.949408,-83.009423
4698,Spring St,Columbus,Franklin,OH,43230,39.883637,-83.040412
2117,Summit St,Columbus,Franklin,OH,43215,39.963715,-82.970324
6332,Henderson Rd,Columbus,Franklin,OH,43004,39.93681,-83.061724
1153,State St,Columbus,Franklin,OH,43206,39.960921,-83.053195
9328,Park St,Columbus,Franklin,OH,43222,39.953647,-83.033135
7206,Summit St,Columbus,Franklin,OH,43119,39.931973,-83.019668
9346,Cleveland Ave,Columbus,Franklin,OH,43220,40.029425,-83.066292
5471,Henderson Rd,Columbus,Franklin,OH,43201,39.893094,-82.937274
3526,State St,Columbus,Franklin,OH,43220,39.897963,-83.05371
887,Grant Ave,Columbus,Franklin,OH,43081,39.979614,-83.060454
5918,State St,Columbus,Franklin,OH,43026,40.019701,-83.043256
1671,Town St,Columbus,Franklin,OH,43210,40.020848,-82.976565
3298,State St,Columbus,Franklin,OH,43085,40.024246,-83.045028
7391,Bethel Rd,Columbus,Franklin,OH,43205,39.91779,-82.9778
3499,Bethel Rd,Columbus,Franklin,OH,43232,40.02169,-83.037105
3949,State St,Columbus,Franklin,OH,43205,39.98751,-83.003806
5612,Gay St,Columbus,Franklin,OH,43211,39.97351,-83.017874
6413,High St,Columbus,Franklin,OH,43212,39.894126,-83.074907
8947,Livingston Ave,Columbus,Franklin,OH,43081,40.012796,-82.924511
2562,High St,Columbus,Franklin,OH,43211,39.889581,-82.930749
5651,Main St,Columbus,Franklin,OH,43223,40.019406,-82.922264
3416,Bethel Rd,Columbus,Franklin,OH,43230,39.989596,-83.071519
4686,Broad St,Columbus,Franklin,OH,43232,40.00341,-82.959044
3393,Grant Ave,Columbus,Franklin,OH,43232,39.922112,-83.017793
4773,Henderson Rd,Columbus,Franklin,OH,43220,40.035746,-82.966065
4552,Broad St,Columbus,Franklin,OH,43213,39.908457,-83.069163
9398,Summit St,Columbus,Franklin,OH,43204,39.982106,-82.944095
1237,Spring St,Columbus,Franklin,OH,43229,40.040494,-82.932674
2145,Rich St,Columbus,Franklin,OH,43210,39.907841,-82.922312
6561,Grant Ave,Columbus,Franklin,OH,43230,39.927601,-82.970861
5975,Gay St,Columbus,Franklin,OH,43202,39.932065,-82.924083
7293,Grant Ave,Columbus,Franklin,OH,43123,39.987931,-82.929046
5088,Cleveland Ave,Columbus,Franklin,OH,43054,39.907181,-82.983964
6786,Broad St,Columbus,Franklin,OH,43222,39.97087,-83.025639
7641,Main St,Columbus,Franklin,OH,43227,39.943741,-82.936088
4365,Town St,Columbus,Franklin,OH,43206,39.982467,-82.972988
9621,Cleveland Ave,Columbus,Franklin,OH,43227,40.014523,-83.058242
8730,Gay St,Columbus,Franklin,OH,43209,39.886818,-82.993238
9313,Broad St,Columbus,Franklin,OH,43221,39.920301,-83.062982
3834,Rich St,Columbus,Franklin,OH,43222,39.890152,-82.966669
8093,Park St,Columbus,Franklin,OH,43221,40.008475,-83.032989
2902,High St,Columbus,Franklin,OH,43213,40.009738,-83.010114
533,Cleveland Ave,Columbus,Franklin,OH,43224,40.037202,-83.001688
2197,State St,Columbus,Franklin,OH,43206,39.91205,-83.014381
3759,State St,Columbus,Franklin,OH,43054,39.934302,-83.057347
1216,Long St,Columbus,Franklin,OH,43212,39.965098,-83.048469
3767,Livingston Ave,Columbus,Franklin,OH,43004,39.890395,-83.004876
1550,Rich St,Columbus,Franklin,OH,43202,40.013526,-83.029706
6540,Henderson Rd,Columbus,Franklin,OH,43202,39.996814,-82.97686
5483,Summit St,Columbus,Franklin,OH,43231,39.910155,-82.955471
6134,Park St,Columbus,Franklin,OH,43202,39.882772,-82.996774
4716,Spring St,Columbus,Franklin,OH,43026,39.984062,-83.069825
9484,Broad St,Columbus,Franklin,OH,43221,39.881325,-83.022996
6826,Cleveland Ave,Columbus,Franklin,OH,43223,39.886108,-82.95242
6086,High St,Columbus,Franklin,OH,43213,39.887881,-82.941556
4547,Town St,Columbus,Franklin,OH,43026,40.012564,-83.022542
1239,Grant Ave,Columbus,Franklin,OH,43203,39.980899,-82.967146
3485,Main St,Columbus,Franklin,OH,43213,39.986232,-82.932092
5726,Summit St,Columbus,Franklin,OH,43232,39.950894,-83.036311
8002,High St,Columbus,Franklin,OH,43082,39.90655,-82.924954
5420,State St,Columbus,Franklin,OH,43081,39.915343,-82.998615
7579,State St,Columbus,Franklin,OH,43210,40.032308,-82.927965
7989,Bethel Rd,Columbus,Franklin,OH,43219,40.012115,-83.012837
8905,High St,Columbus,Franklin,OH,43201,39.959168,-82.983284
3931,Grant Ave,Columbus,Franklin,OH,43119,39.924853,-83.032626
2990,Grant Ave,Columbus,Franklin,OH,43210,39.921197,-82.941272
1013,Broad St,Columbus,Franklin,OH,43231,39.97667,-83.060489
2407,Gay St,Columbus,Franklin,OH,43207,40.040325,-82.947292
8502,Bethel Rd,Columbus,Franklin,OH,43085,39.907536,-82.966445
2790,Rich St,Columbus,Franklin,OH,43231,39.996377,-82.932917
5510,Cleveland Ave,Columbus,Franklin,OH,43220,39.940904,-83.018521
8178,Broad St,Columbus,Franklin,OH,43123,39.966866,-83.061402
8097,Gay St,Columbus,Franklin,OH,43085,39.904156,-83.044688
1878,Summit St,Columbus,Franklin,OH,43085,40.032345,-83.022873
6887,Park St,Columbus,Franklin,OH,43227,39.961781,-83.056049
5427,Town St,Columbus,Franklin,OH,43004,40.000458,-82.921513
6158,Rich St,Columbus,Franklin,OH,43220,40.019206,-83.028021
5429,Gay St,Columbus,Franklin,OH,43204,39.900307,-82.954806
1437,Morse Rd,Columbus,Franklin,OH,43205,39.948569,-83.037885
6541,Bethel Rd,Columbus,Franklin,OH,43215,39.962176,-82.992796
6024,Grant Ave,Columbus,Franklin,OH,43004,39.891344,-82.957053
8311,Grant Ave,Columbus,Franklin,OH,43209,39.912751,-82.995138
6889,Henderson Rd,Columbus,Franklin,OH,43230,39.901042,-82.987148
1133,Spring St,Columbus,Franklin,OH,43217,39.957241,-82.968798
301,Rich St,Columbus,Franklin,OH,43215,40.027983,-83.034113
7512,Long St,Columbus,Franklin,OH,43222,39.956523,-83.067382
8764,Main St,Columbus,Franklin,OH,43222,39.955271,-82.971912
7822,Spring St,Columbus,Franklin,OH,43229,40.016765,-83.025321
2215,High St,Columbus,Franklin,OH,43205,39.968226,-83.068156
5619,Main St,Columbus,Franklin,OH,43232,40.03983,-83.00505
5629,Morse Rd,Columbus,Franklin,OH,43119,39.884109,-83.030793
1389,High St,Columbus,Franklin,OH,43222,39.954688,-83.035931
439,Town St,Columbus,Franklin,OH,43214,39.910178,-82.995661
5897,Town St,Columbus,Franklin,OH,43223,39.993829,-83.010885
3226,Town St,Columbus,Franklin,OH,43217,39.897491,-82.99813
8391,Main St,Columbus,Franklin,OH,43213,39.967854,-83.073761
2042,Summit St,Columbus,Franklin,OH,43123,39.906082,-82.991372
3457,Summit St,Columbus,Franklin,OH,43232,39.904616,-82.944368
3619,Park St,Columbus,Franklin,OH,43231,40.024872,-82.941433
8813,Town St,Columbus,Franklin,OH,43119,39.974281,-82.958178
4140,Rich St,Columbus,Franklin,OH,43231,39.920987,-83.006821
2496,Park St,Columbus,Franklin,OH,43026,39.941889,-82.999024
8176,Town St,Columbus,Franklin,OH,43230,39.935337,-83.056375
4841,Morse Rd,Columbus,Franklin,OH,43227,39.935373,-83.029335
6001,Grant Ave,Columbus,Franklin,OH,43212,40.01464,-83.038259
9238,Grant Ave,Columbus,Franklin,OH,43119,39.923897,-82.980676
7521,High St,Columbus,Franklin,OH,43211,40.015988,-83.029472
6840,Bethel Rd,Columbus,Franklin,OH,43207,39.938029,-83.055262
1559,Spring St,Columbus,Franklin,OH,43222,39.971823,-82.995664
1412,State St,Columbus,Franklin,OH,43221,39.897087,-83.022952
7024,Long St,Columbus,Franklin,OH,43235,39.962266,-83.035282
2317,Broad St,Columbus,Franklin,OH,43215,39.989118,-82.920273
6670,Cleveland Ave,Columbus,Franklin,OH,43054,39.896932,-83.060148
9504,Gay St,Columbus,Franklin,OH,43004,39.936503,-82.991432
3656,Town St,Columbus,Franklin,OH,43210,39.913487,-82.99128
5081,State St,Columbus,Franklin,OH,43227,40.030241,-83.026086
6450,Rich St,Columbus,Franklin,OH,43203,39.893802,-83.003081
6801,Summit St,Columbus,Franklin,OH,43119,40.011096,-83.054774
2292,Summit St,Columbus,Franklin,OH,43230,39.907573,-83.045164
5758,Morse Rd,Columbus,Franklin,OH,43202,39.922895,-83.0308
783,Town St,Columbus,Franklin,OH,43227,39.965618,-83.019479
4983,Gay St,Columbus,Franklin,OH,43205,39.975983,-83.041085
6223,Main St,Columbus,Franklin,OH,43201,40.006308,-82.949757
3150,Livingston Ave,Columbus,Franklin,OH,43085,39.925156,-82.994578
6420,Rich St,Columbus,Franklin,OH,43229,39.934929,-83.035864
701,Main St,Columbus,Franklin,OH,43221,39.916753,-82.96547
1726,Grant Ave,Columbus,Franklin,OH,43207,39.941487,-83.013259
7418,Gay St,Columbus,Franklin,OH,43119,39.947667,-82.980721
5552,Town St,Columbus,Franklin,OH,43026,40.022915,-82.961604
1683,State St,Columbus,Franklin,OH,43204,40.002495,-82.987269
3458,Broad St,Columbus,Franklin,OH,43231,39.949822,-83.006617
3745,Town St,Columbus,Franklin,OH,43217,40.010985,-83.006234
8276,Rich St,Columbus,Franklin,OH,43232,39.931244,-83.050643
8939,Park St,Columbus,Franklin,OH,43054,39.949892,-82.965087
1051,Bethel Rd,Columbus,Franklin,OH,43219,40.013595,-82.988189
5310,Main St,Columbus,Franklin,OH,43209,40.003084,-82.982032
9320,Broad St,Columbus,Franklin,OH,43214,40.018946,-82.947625
6493,Morse Rd,Columbus,Franklin,OH,43213,39.904286,-82.924665
430,Town St,Columbus,Franklin,OH,43203,39.919378,-83.030973
8847,Broad St,Columbus,Franklin,OH,43214,39.981898,-83.017559
7008,Grant Ave,Columbus,Franklin,OH,43227,40.015859,-83.044161
4193,Morse Rd,Columbus,Franklin,OH,43235,39.956661,-82.943719
8161,Summit St,Columbus,Franklin,OH,43202,39.969927,-83.016654
7052,Spring St,Columbus,Franklin,OH,43201,39.926862,-83.007666
4685,Town St,Columbus,Franklin,OH,43219,39.980385,-82.961397
320,Henderson Rd,Columbus,Franklin,OH,43231,39.901332,-83.036558
9636,Morse Rd,Columbus,Franklin,OH,43230,40.020758,-83.055669
1260,Town St,Columbus,Franklin,OH,43222,39.887378,-82.997121
260,Spring St,Columbus,Franklin,OH,43232,39.97057,-83.056578
7591,Long St,Columbus,Franklin,OH,43004,40.028394,-82.922143
3247,State St,Columbus,Franklin,OH,43222,40.021298,-83.01779
413,Grant Ave,Columbus,Franklin,OH,43207,39.908919,-83.053377
3407,Summit St,Columbus,Franklin,OH,43217,39.923517,-82.981616
5284,State St,Columbus,Franklin,OH,43227,39.884584,-83.043744
2731,Bethel Rd,Columbus,Franklin,OH,43215,39.96696,-83.011697
2556,Town St,Columbus,Franklin,OH,43217,39.897118,-83.036764
1701,Main St,Columbus,Franklin,OH,43085,40.0162,-83.052585
9458,Morse Rd,Columbus,Franklin,OH,43203,39.989916,-82.954796
2556,Grant Ave,Columbus,Franklin,OH,43201,40.004161,-82.998145
3553,Henderson Rd,Columbus,Franklin,OH,43221,39.930624,-82.950928
3545,Rich St,Columbus,Franklin,OH,43219,39.942632,-83.030186
9292,Broad St,Columbus,Franklin,OH,43004,39.962536,-82.927465
8337,Broad St,Columbus,Franklin,OH,43204,40.010265,-83.012915
4578,Summit St,Columbus,Franklin,OH,43204,39.92517,-82.975514
8599,Grant Ave,Columbus,Franklin,OH,43123,40.019917,-82.999483
2947,Main St,Columbus,Franklin,OH,43123,39.940537,-83.075463
3097,Morse Rd,Columbus,Franklin,OH,43207,39.976784,-83.063278
5526,Henderson Rd,Columbus,Franklin,OH,43209,39.930881,-83.01446
2066,Rich St,Columbus,Franklin,OH,43004,39.982815,-82.945102
9170,Bethel Rd,Columbus,Franklin,OH,43004,39.975706,-82.966018
558,State St,Columbus,Franklin,OH,43221,39.92279,-83.005091
3881,State St,Columbus,Franklin,OH,43204,39.892644,-82.987879
5976,Morse Rd,Columbus,Franklin,OH,43230,39.983159,-82.997511
658,Livingston Ave,Columbus,Franklin,OH,43232,39.927908,-82.939848
339,Spring St,Columbus,Franklin,OH,43230,39.982107,-82.928446
1238,Town St,Columbus,Franklin,OH,43201,39.898309,-83.064775
4825,Park St,Columbus,Franklin,OH,43210,39.891385,-83.010085
647,State St,Columbus,Franklin,OH,43201,40.003352,-82.996403
7516,Park St,Columbus,Franklin,OH,43085,39.946364,-82.920871
6203,Henderson Rd,Columbus,Franklin,OH,43085,39.91434,-82.971256
1388,Park St,Columbus,Franklin,OH,43054,39.898499,-82.946576
4868,High St,Columbus,Franklin,OH,43203,39.992455,-82.966363
8993,State St,Columbus,Franklin,OH,43223,39.950046,-83.04188
6913,Henderson Rd,Columbus,Franklin,OH,43203,40.017272,-83.076431
2027,Cleveland Ave,Columbus,Franklin,OH,43054,39.974334,-83.056181
4245,Henderson Rd,Columbus,Franklin,OH,43224,39.966592,-83.069422
3631,Long St,Columbus,Franklin,OH,43230,39.894308,-83.015689
4059,Livingston Ave,Columbus,Franklin,OH,43211,39.953378,-82.982091
744,Henderson Rd,Columbus,Franklin,OH,43232,39.942503,-82.982416
1532,Long St,Columbus,Franklin,OH,43082,39.969485,-83.021407
1309,Bethel Rd,Columbus,Franklin,OH,43223,39.96025,-83.058377
853,Livingston Ave,Columbus,Franklin,OH,43081,39.949046,-82.920959
1570,Spring St,Columbus,Franklin,OH,43222,39.982385,-83.063695
5026,Gay St,Columbus,Franklin,OH,43201,39.995763,-83.022908
3469,Bethel Rd,Columbus,Franklin,OH,43213,39.95054,-83.026312
8144,High St,Columbus,Franklin,OH,43201,39.907748,-83.03755
9950,Morse Rd,Columbus,Franklin,OH,43235,39.985519,-83.028545
4038,Henderson Rd,Columbus,Franklin,OH,43211,39.993795,-82.962383
7601,Henderson Rd,Columbus,Franklin,OH,43123,40.007161,-82.979899
2743,State St,Columbus,Franklin,OH,43207,39.96081,-82.997897
3720,Broad St,Columbus,Franklin,OH,43085,39.887983,-82.985153
5356,Spring St,Columbus,Franklin,OH,43202,39.976786,-83.063216
401,High St,Columbus,Franklin,OH,43054,39.959089,-82.964401
5549,Summit St,Columbus,Franklin,OH,43227,39.986371,-83.027595
9510,Grant Ave,Columbus,Franklin,OH,43222,40.037592,-82.925424
8791,Main St,Columbus,Franklin,OH,43231,39.885237,-83.001965
6194,Rich St,Columbus,Franklin,OH,43235,40.037357,-82.925499
7619,High St,Columbus,Franklin,OH,43227,39.914279,-83.010312
9665,Morse Rd,Columbus,Franklin,OH,43230,40.031168,-83.073326
3723,Cleveland Ave,Columbus,Franklin,OH,43212,39.999522,-82.936292
3232,High St,Columbus,Franklin,OH,43220,39.973422,-82.994267
8404,Gay St,Columbus,Franklin,OH,43212,39.886269,-83.010285
2205,High St,Columbus,Franklin,OH,43230,39.967035,-82.92187
6831,Bethel Rd,Columbus,Franklin,OH,43229,40.023694,-83.027724
3097,Long St,Columbus,Franklin,OH,43203,39.884368,-82.957728
4380,Summit St,Columbus,Franklin,OH,43212,40.040332,-83.049167
4385,Summit St,Columbus,Franklin,OH,43081,39.913501,-82.92083
7917,Main St,Columbus,Franklin,OH,43210,39.983415,-83.044365
5705,Spring St,Columbus,Franklin,OH,43209,39.918729,-82.959768
2361,Long St,Columbus,Franklin,OH,43203,39.882125,-82.964436
120,Gay St,Columbus,Franklin,OH,43235,39.930921,-83.045641
8793,Henderson Rd,Columbus,Franklin,OH,43119,40.022913,-82.926947
3458,Bethel Rd,Columbus,Franklin,OH,43202,39.901977,-83.027951
7556,Cleveland Ave,Columbus,Franklin,OH,43232,39.893134,-82.991731
704,Park St,Columbus,Franklin,OH,43231,39.965405,-83.011657
7471,Town St,Columbus,Franklin,OH,43207,39.908621,-83.065965
6311,Summit St,Columbus,Franklin,OH,43235,39.989369,-83.060524
937,Livingston Ave,Columbus,Franklin,OH,43232,39.88773,-83.075427
1757,Spring St,Columbus,Franklin,OH,43054,40.006646,-83.046661
6521,Spring St,Columbus,Franklin,OH,43123,40.008462,-82.975594
9973,Bethel Rd,Columbus,Franklin,OH,43205,39.996474,-83.072604
1952,Main St,Columbus,Franklin,OH,43222,40.027984,-82.924192
7393,High St,Columbus,Franklin,OH,43223,40.028551,-83.060133
1970,Summit St,Columbus,Franklin,OH,43081,39.986277,-83.063267
8526,Town St,Columbus,Franklin,OH,43201,39.971622,-82.933097
1650,Long St,Columbus,Franklin,OH,43201,39.953772,-83.054028
8802,Broad St,Columbus,Franklin,OH,43231,39.995905,-82.95027
7409,Livingston Ave,Columbus,Franklin,OH,43224,39.987048,-82.995673
6886,Town St,Columbus,Franklin,OH,43231,39.926353,-82.960949
1167,Broad St,Columbus,Franklin,OH,43217,39.981786,-82.981725
7348,Gay St,Columbus,Franklin,OH,43232,39.970525,-83.021834
4108,Main St,Columbus,Franklin,OH,43230,39.969375,-82.970643
4116,Park St,Columbus,Franklin,OH,43213,39.918727,-83.020083
5713,Spring St,Columbus,Franklin,OH,43211,39.993382,-83.066897
6646,Main St,Columbus,Franklin,OH,43119,40.034572,-82.97331
6152,State St,Columbus,Franklin,OH,43204,39.967707,-83.04511
6613,Park St,Columbus,Franklin,OH,43210,40.016873,-83.039068
7889,Main St,Columbus,Franklin,OH,43219,39.902921,-82.919172
8065,Livingston Ave,Columbus,Franklin,OH,43203,39.931561,-83.005735
7120,Summit St,Columbus,Franklin,OH,43230,40.033225,-83.063987
4621,Summit St,Columbus,Franklin,OH,43082,39.979752,-82.933034
9951,Park St,Columbus,Franklin,OH,43211,39.974493,-83.000603
1231,Spring St,Columbus,Franklin,OH,43205,39.986689,-82.955946
4399,Park St,Columbus,Franklin,OH,43224,39.934029,-83.070721
3877,Morse Rd,Columbus,Franklin,OH,43205,40.026278,-82.942282
6006,Gay St,Columbus,Franklin,OH,43212,39.890026,-82.960578
7823,Livingston Ave,Columbus,Franklin,OH,43213,39.960464,-83.002402
7038,Gay St,Columbus,Franklin,OH,43222,39.932913,-82.96165
9965,Gay St,Columbus,Franklin,OH,43219,39.91181,-82.997051
2193,Rich St,Columbus,Franklin,OH,43204,40.037753,-82.971545
9061,State St,Columbus,Franklin,OH,43214,40.040328,-82.925052
3529,Gay St,Columbus,Franklin,OH,43221,40.03816,-82.943638
9885,Park St,Columbus,Franklin,OH,43212,39.902404,-83.006123
1409,Grant Ave,Columbus,Franklin,OH,43217,40.016964,-83.030363
5793,Main St,Columbus,Franklin,OH,43206,39.969379,-83.011319
202,Broad St,Columbus,Franklin,OH,43207,39.961159,-83.038121
4349,Main St,Columbus,Franklin,OH,43004,39.975071,-82.927483
5711,Morse Rd,Columbus,Franklin,OH,43235,39.900501,-83.06742
5322,Town St,Columbus,Franklin,OH,43085,40.039155,-83.007222
9111,Spring St,Columbus,Franklin,OH,43123,40.032607,-82.920582
8357,Henderson Rd,Columbus,Franklin,OH,43026,40.029146,-83.008901
5345,Broad St,Columbus,Franklin,OH,43085,39.913656,-82.958316
5809,Henderson Rd,Columbus,Franklin,OH,43210,39.993507,-82.968081
9602,Spring St,Columbus,Franklin,OH,43217,39.882868,-82.942029
7490,State St,Columbus,Franklin,OH,43123,40.028663,-82.931129
8127,State St,Columbus,Franklin,OH,43202,39.934907,-83.036166
7501,Livingston Ave,Columbus,Franklin,OH,43211,39.89801,-82.986267
4934,Summit St,Columbus,Franklin,OH,43004,39.906614,-83.030856
4559,Henderson Rd,Columbus,Franklin,OH,43230,40.04008,-83.003522
8800,High St,Columbus,Franklin,OH,43203,40.03202,-83.078257
189,Gay St,Columbus,Franklin,OH,43004,40.031744,-82.942916
9511,Bethel Rd,Columbus,Franklin,OH,43085,40.026139,-82.987527
7900,Spring St,Columbus,Franklin,OH,43203,39.967458,-82.994475
6265,Bethel Rd,Columbus,Franklin,OH,43231,39.988056,-82.932883
8220,State St,Columbus,Franklin,OH,43229,39.953049,-83.004537
2265,Gay St,Columbus,Franklin,OH,43054,40.006252,-83.001421
7525,Long St,Columbus,Franklin,OH,43235,39.937212,-82.952094
9137,Rich St,Columbus,Franklin,OH,43214,40.018304,-82.94094
2314,Morse Rd,Columbus,Franklin,OH,43219,39.961257,-83.0385
1472,Main St,Columbus,Franklin,OH,43235,39.976863,-83.077393
7286,High St,Columbus,Franklin,OH,43214,40.020393,-83.060337
9620,Grant Ave,Columbus,Franklin,OH,43221,40.020596,-82.941948
4658,Park St,Columbus,Franklin,OH,43054,39.929227,-82.955189
4932,Bethel Rd,Columbus,Franklin,OH,43026,39.929897,-83.018417
3106,Town St,Columbus,Franklin,OH,43203,39.89337,-82.97036
4794,Town St,Columbus,Franklin,OH,43219,39.910728,-82.937246
9548,Bethel Rd,Columbus,Franklin,OH,43224,39.956764,-83.000521
257,Livingston Ave,Columbus,Franklin,OH,43222,39.951513,-82.994129
9701,Livingston Ave,Columbus,Franklin,OH,43231,40.006051,-83.00133
2494,Broad St,Columbus,Franklin,OH,43123,39.95315,-82.995032
3442,Town St,Columbus,Franklin,OH,43085,39.95129,-83.05875
4187,High St,Columbus,Franklin,OH,43082,40.013788,-83.036768
2842,Henderson Rd,Columbus,Franklin,OH,43215,39.906433,-83.053615
1722,Morse Rd,Columbus,Franklin,OH,43205,39.933631,-83.074065
1865,Main St,Columbus,Franklin,OH,43222,39.88875,-82.919836
8739,Bethel Rd,Columbus,Franklin,OH,43215,39.995846,-83.065848
9010,Town St,Columbus,Franklin,OH,43081,39.985413,-82.991137
7478,Morse Rd,Columbus,Franklin,OH,43203,39.903467,-83.004849
7182,Town St,Columbus,Franklin,OH,43215,39.944528,-83.037382
2429,Summit St,Columbus,Franklin,OH,43215,39.999772,-82.934732
5362,Spring St,Columbus,Franklin,OH,43209,40.037782,-82.942477
3293,Morse Rd,Columbus,Franklin,OH,43223,39.988759,-82.96891
9401,Grant Ave,Columbus,Franklin,OH,43235,39.98456,-82.955942
6592,Town St,Columbus,Franklin,OH,43219,39.912761,-83.056604
2647,Broad St,Columbus,Franklin,OH,43209,39.972749,-82.928219
2638,Main St,Columbus,Franklin,OH,43207,40.038971,-82.978541
3147,Gay St,Columbus,Franklin,OH,43201,39.890838,-82.992715
6857,Main St,Columbus,Franklin,OH,43223,39.962577,-83.077432
6291,Rich St,Columbus,Franklin,OH,43227,39.922118,-82.923641
9570,Long St,Columbus,Franklin,OH,43219,40.001429,-82.951978
4295,Main St,Columbus,Franklin,OH,43205,39.886992,-83.033807
8371,Long St,Columbus,Franklin,OH,43235,39.952354,-82.932718
8759,Main St,Columbus,Franklin,OH,43227,40.008902,-83.008034
7180,Grant Ave,Columbus,Franklin,OH,43227,39.921122,-82.92105
1396,Gay St,Columbus,Franklin,OH,43209,39.97407,-82.941209
2751,Gay St,Columbus,Franklin,OH,43206,40.009513,-82.960991
1626,Rich St,Columbus,Franklin,OH,43205,39.916969,-83.048202
8978,Livingston Ave,Columbus,Franklin,OH,43085,39.882834,-83.077768
4121,Broad St,Columbus,Franklin,OH,43207,39.970214,-83.004252
9481,Gay St,Columbus,Franklin,OH,43212,39.962868,-82.956554
8664,Bethel Rd,Columbus,Franklin,OH,43204,40.034596,-82.960385
770,Main St,Columbus,Franklin,OH,43081,40.000836,-83.00959
786,Town St,Columbus,Franklin,OH,43026,39.904246,-82.995213
1095,Morse Rd,Columbus,Franklin,OH,43223,39.973573,-82.958665
1492,Main St,Columbus,Franklin,OH,43201,39.899806,-82.942502
2290,State St,Columbus,Franklin,OH,43221,39.946719,-82.949411
9442,Main St,Columbus,Franklin,OH,43214,40.028867,-83.056128
5457,State St,Columbus,Franklin,OH,43054,40.023763,-83.027085
1356,Spring St,Columbus,Franklin,OH,43203,39.920598,-82.95876
1498,Grant Ave,Columbus,Franklin,OH,43203,39.942722,-83.008968
2651,Spring St,Columbus,Franklin,OH,43227,39.939884,-83.038563
9245,Grant Ave,Columbus,Franklin,OH,43211,39.924007,-83.066332
9070,Henderson Rd,Columbus,Franklin,OH,43223,39.950092,-83.003888
5115,Broad St,Columbus,Franklin,OH,43215,39.915816,-82.927955
7063,Park St,Columbus,Franklin,OH,43204,39.970999,-83.060576
7403,Rich St,Columbus,Franklin,OH,43229,39.930908,-83.042783
8758,Bethel Rd,Columbus,Franklin,OH,43214,39.928168,-83.057485
503,Livingston Ave,Columbus,Franklin,OH,43211,40.02816,-83.031485
7548,Rich St,Columbus,Franklin,OH,43211,40.010128,-82.990434
3924,Summit St,Columbus,Franklin,OH,43222,39.923508,-82.948592
5412,Spring St,Columbus,Franklin,OH,43220,39.943037,-82.98385
8922,Bethel Rd,Columbus,Franklin,OH,43206,39.943532,-82.96909
4698,Long St,Columbus,Franklin,OH,43209,39.988851,-82.944025
7357,Rich St,Columbus,Franklin,OH,43230,39.999944,-82.946695
862,Town St,Columbus,Franklin,OH,43210,39.882667,-83.057121
3426,Summit St,Columbus,Franklin,OH,43214,39.956325,-83.030643
4150,Park St,Columbus,Franklin,OH,43232,40.003568,-83.0134
5720,Long St,Columbus,Franklin,OH,43235,39.966589,-83.03916
2082,Morse Rd,Columbus,Franklin,OH,43222,39.934716,-82.921312
7856,Cleveland Ave,Columbus,Franklin,OH,43217,40.04105,-83.027901
9424,Park St,Columbus,Franklin,OH,43119,39.899384,-83.05551
2262,Gay St,Columbus,Franklin,OH,43231,39.945158,-83.074051
7899,Park St,Columbus,Franklin,OH,43235,39.960922,-82.930345
7125,Henderson Rd,Columbus,Franklin,OH,43220,39.963063,-82.951847
1008,Rich St,Columbus,Franklin,OH,43230,40.01004,-82.990609
9553,Main St,Columbus,Franklin,OH,43215,39.918479,-83.026959
4180,High St,Columbus,Franklin,OH,43209,39.911809,-83.078399
2979,Summit St,Columbus,Franklin,OH,43227,39.917294,-83.017627
5492,Rich St,Columbus,Franklin,OH,43229,39.928004,-82.971182
2758,Rich St,Columbus,Franklin,OH,43202,39.963352,-83.076747
350,Grant Ave,Columbus,Franklin,OH,43026,40.011991,-83.015475
3945,Town St,Columbus,Franklin,OH,43211,39.949726,-82.922414
3736,Home St,Westerville,Franklin,OH,43081,40.103948,-82.887014
3965,State St,Westerville,Franklin,OH,43082,40.083626,-82.862885
4797,Cleveland Ave,Westerville,Franklin,OH,43081,40.137994,-82.919156
8308,Cleveland Ave,Westerville,Franklin,OH,43082,40.107066,-82.879868
2545,Cleveland Ave,Westerville,Franklin,OH,43082,40.143053,-82.880338
2140,Home St,Westerville,Franklin,OH,43081,40.17785,-82.862668
2883,Main St,Westerville,Franklin,OH,43082,40.191115,-82.975494
1913,State St,Westerville,Franklin,OH,43082,40.178258,-82.948639
8081,Main St,Westerville,Franklin,OH,43082,40.169804,-82.976775
1400,State St,Westerville,Franklin,OH,43081,40.075026,-82.937813
2758,Cleveland Ave,Westerville,Franklin,OH,43082,40.051976,-82.966684
6210,Otterbein Ave,Westerville,Franklin,OH,43082,40.191119,-82.982773
4808,Otterbein Ave,Westerville,Franklin,OH,43081,40.152243,-82.915316
6708,State St,Westerville,Franklin,OH,43082,40.06856,-82.924933
7719,Main St,Westerville,Franklin,OH,43082,40.173572,-82.912365
7617,Home St,Westerville,Franklin,OH,43082,40.108238,-82.878066
6322,State St,Westerville,Franklin,OH,43081,40.147092,-82.853312
8746,Home St,Westerville,Franklin,OH,43081,40.143615,-82.960327
7041,Main St,Westerville,Franklin,OH,43081,40.168856,-82.979601
5010,Cleveland Ave,Westerville,Franklin,OH,43082,40.077758,-82.920016
4234,Home St,Westerville,Franklin,OH,43082,40.080944,-82.957273
2502,Main St,Westerville,Franklin,OH,43082,40.063881,-82.873531
4550,Home St,Westerville,Franklin,OH,43082,40.072096,-82.968349
3137,Cleveland Ave,Westerville,Franklin,OH,43082,40.090048,-82.986781
5416,Otterbein Ave,Westerville,Franklin,OH,43082,40.153747,-82.895061
1502,Otterbein Ave,Westerville,Franklin,OH,43082,40.111792,-82.876465
7587,Cleveland Ave,Westerville,Franklin,OH,43081,40.154251,-82.956687
5768,Cleveland Ave,Westerville,Franklin,OH,43082,40.133068,-82.868043
6162,Otterbein Ave,Westerville,Franklin,OH,43081,40.199666,-82.889314
8460,State St,Westerville,Franklin,OH,43081,40.202755,-82.868384
7089,Cleveland Ave,Westerville,Franklin,OH,43082,40.096095,-82.903336
405,Home St,Westerville,Franklin,OH,43081,40.201637,-82.876258
7588,State St,Westerville,Franklin,OH,43082,40.121211,-83.008765
7000,Cleveland Ave,Westerville,Franklin,OH,43081,40.060387,-82.917917
8991,Otterbein Ave,Westerville,Franklin,OH,43081,40.163962,-82.999195
4243,Otterbein Ave,Westerville,Franklin,OH,43081,40.092382,-82.987493
4670,Otterbein Ave,Westerville,Franklin,OH,43081,40.192124,-82.961011
4530,Home St,Westerville,Franklin,OH,43081,40.148966,-82.923071
5495,State St,Westerville,Franklin,OH,43081,40.192075,-82.991837
1918,Home St,Westerville,Franklin,OH,43082,40.063027,-82.97125
7254,Main St,Westerville,Franklin,OH,43081,40.130427,-82.97537
7394,State St,Westerville,Franklin,OH,43081,40.130838,-82.91594
8806,Cleveland Ave,Westerville,Franklin,OH,43081,40.105517,-82.95428
4751,Cleveland Ave,Westerville,Franklin,OH,43081,40.085612,-82.883473
5658,Cleveland Ave,Westerville,Franklin,OH,43082,40.060643,-82.915463
7273,State St,Westerville,Franklin,OH,43081,40.202491,-82.904851
8964,Home St,Westerville,Franklin,OH,43082,40.126664,-82.904107
8475,Home St,Westerville,Franklin,OH,43081,40.09556,-82.858512
6347,Cleveland Ave,Westerville,Franklin,OH,43081,40.145238,-82.929315
8899,Cleveland Ave,Westerville,Franklin,OH,43081,40.127939,-82.930264
2779,Home St,Westerville,Franklin,OH,43082,40.102092,-82.957639
8992,Main St,Westerville,Franklin,OH,43081,40.135407,-82.914842
8795,Otterbein Ave,Westerville,Franklin,OH,43081,40.1046,-82.947976
217,Home St,Westerville,Franklin,OH,43081,40.202731,-82.885281
9654,Otterbein Ave,Westerville,Franklin,OH,43081,40.138597,-83.005096
4649,Cleveland Ave,Westerville,Franklin,OH,43082,40.089784,-82.876724
851,State St,Westerville,Franklin,OH,43081,40.113614,-82.999
2102,Otterbein Ave,Westerville,Franklin,OH,43081,40.160621,-82.904564
9356,Home St,Westerville,Franklin,OH,43082,40.093559,-82.873304
3771,Home St,Westerville,Franklin,OH,43081,40.195057,-82.928766
2877,Otterbein Ave,Westerville,Franklin,OH,43082,40.172329,-82.984249
3730,Main St,Westerville,Franklin,OH,43082,40.193929,-82.999888
688,Home St,Westerville,Franklin,OH,43081,40.089156,-82.931432
2528,Cleveland Ave,Westerville,Franklin,OH,43081,40.059572,-82.866545
1650,Home St,Westerville,Franklin,OH,43081,40.059,-82.901085
4303,State St,Westerville,Franklin,OH,43081,40.168345,-83.004897
469,Main St,Westerville,Franklin,OH,43082,40.183842,-83.008606
4275,Main St,Westerville,Franklin,OH,43081,40.205451,-82.987496
9257,Main St,Westerville,Franklin,OH,43082,40.061392,-82.903562
2510,Cleveland Ave,Westerville,Franklin,OH,43082,40.070067,-82.990946
8880,Main St,Westerville,Franklin,OH,43082,40.170316,-82.99506
2244,Cleveland Ave,Westerville,Franklin,OH,43081,40.096137,-82.930675
2249,Cleveland Ave,Westerville,Franklin,OH,43081,40.173765,-83.002087
1580,Cleveland Ave,Westerville,Franklin,OH,43082,40.056462,-82.94639
596,State St,Westerville,Franklin,OH,43081,40.154471,-82.919283
6859,Home St,Westerville,Franklin,OH,43081,40.160575,-82.864342
8946,Cleveland Ave,Westerville,Franklin,OH,43081,40.129589,-82.850973
5982,Home St,Westerville,Franklin,OH,43082,40.189036,-82.898708
5103,State St,Westerville,Franklin,OH,43082,40.145324,-82.953589
8294,Cleveland Ave,Westerville,Franklin,OH,43081,40.145299,-82.968759
1917,Cleveland Ave,Westerville,Franklin,OH,43082,40.201413,-82.981197
1584,State St,Westerville,Franklin,OH,43082,40.163194,-82.891285
9567,State St,Westerville,Franklin,OH,43082,40.142948,-82.957408
8248,Main St,Westerville,Franklin,OH,43082,40.095175,-82.961631
2224,Otterbein Ave,Westerville,Franklin,OH,43081,40.091102,-82.941831
9806,Home St,Westerville,Franklin,OH,43082,40.197954,-82.881682
6668,Home St,Westerville,Franklin,OH,43082,40.14715,-82.960478
8631,Otterbein Ave,Westerville,Franklin,OH,43081,40.10665,-82.972086
9803,Home St,Westerville,Franklin,OH,43082,40.092296,-82.924416
7920,Main St,Westerville,Franklin,OH,43082,40.070818,-82.971273
968,Main St,Westerville,Franklin,OH,43082,40.189991,-82.975485
7694,Home St,Westerville,Franklin,OH,43081,40.160711,-82.935693
2017,State St,Westerville,Franklin,OH,43082,40.057032,-82.863333
9241,State St,Westerville,Franklin,OH,43082,40.054376,-82.94064
5152,Home St,Westerville,Franklin,OH,43081,40.187824,-82.868997
8068,Home St,Westerville,Franklin,OH,43082,40.175841,-82.992986
1924,Main St,Westerville,Franklin,OH,43082,40.068114,-82.998704
1606,State St,Westerville,Franklin,OH,43081,40.203437,-82.912391
6508,Main St,Westerville,Franklin,OH,43081,40.063076,-82.976033
8425,Home St,Westerville,Franklin,OH,43082,40.09987,-82.961736
2211,Park St,Grove City,Franklin,OH,43123,39.928997,-83.127274
2406,Park St,Grove City,Franklin,OH,43123,39.911814,-83.071446
2112,Columbus St,Grove City,Franklin,OH,43123,39.899422,-83.16524
3802,Franklin St,Grove City,Franklin,OH,43123,39.946093,-83.04303
5989,Main St,Grove City,Franklin,OH,43123,39.850284,-83.154929
6916,Broadway,Grove City,Franklin,OH,43123,39.829339,-83.161085
4209,Broadway,Grove City,Franklin,OH,43123,39.804544,-83.147642
916,Franklin St,Grove City,Franklin,OH,43123,39.827095,-83.04242
4384,Franklin St,Grove City,Franklin,OH,43123,39.847918,-83.115981
2028,Columbus St,Grove City,Franklin,OH,43123,39.80595,-83.154592
5330,Broadway,Grove City,Franklin,OH,43123,39.944212,-83.033624
4025,Franklin St,Grove City,Franklin,OH,43123,39.893799,-83.083608
8693,Park St,Grove City,Franklin,OH,43123,39.853331,-83.155879
7378,Franklin St,Grove City,Franklin,OH,43123,39.821821,-83.065601
889,Broadway,Grove City,Franklin,OH,43123,39.83971,-83.14595
5927,Columbus St,Grove City,Franklin,OH,43123,39.949692,-83.023855
129,Broadway,Grove City,Franklin,OH,43123,39.927751,-83.167155
6516,Franklin St,Grove City,Franklin,OH,43123,39.864487,-83.105804
1818,Franklin St,Grove City,Franklin,OH,43123,39.924386,-83.048509
8412,Park St,Grove City,Franklin,OH,43123,39.927663,-83.049199
7303,Franklin St,Grove City,Franklin,OH,43123,39.887685,-83.139185
1712,Columbus St,Grove City,Franklin,OH,43123,39.90657,-83.153055
7891,Main St,Grove City,Franklin,OH,43123,39.822733,-83.043364
4885,Main St,Grove City,Franklin,OH,43123,39.871628,-83.148679
1457,Park St,Grove City,Franklin,OH,43123,39.899674,-83.01348
1407,Broadway,Grove City,Franklin,OH,43123,39.824346,-83.087133
7244,Columbus St,Grove City,Franklin,OH,43123,39.948569,-83.134818
6632,Main St,Grove City,Franklin,OH,43123,39.860169,-83.121707
8546,Franklin St,Grove City,Franklin,OH,43123,39.8496,-83.112086
8167,Park St,Grove City,Franklin,OH,43123,39.954157,-83.02916
1017,Columbus St,Grove City,Franklin,OH,43123,39.814238,-83.057887
9362,Columbus St,Grove City,Franklin,OH,43123,39.921287,-83.117182
7505,Park St,Grove City,Franklin,OH,43123,39.899098,-83.094958
917,Main St,Grove City,Franklin,OH,43123,39.815478,-83.120654
7136,Columbus St,Grove City,Franklin,OH,43123,39.832624,-83.100655
7791,Columbus St,Grove City,Franklin,OH,43123,39.840131,-83.086159
4829,Main St,Grove City,Franklin,OH,43123,39.902203,-83.053703
9328,Columbus St,Grove City,Franklin,OH,43123,39.934713,-83.064578
4025,Main St,Grove City,Franklin,OH,43123,39.939121,-83.131425
1583,Broadway,Grove City,Franklin,OH,43123,39.80238,-83.166138
5296,Main St,Grove City,Franklin,OH,43123,39.817178,-83.053909
1423,Broadway,Grove City,Franklin,OH,43123,39.899398,-83.159719
7767,Main St,Grove City,Franklin,OH,43123,39.956866,-83.149221
8528,Columbus St,Grove City,Franklin,OH,43123,39.823839,-83.075363
5690,Park St,Grove City,Franklin,OH,43123,39.955409,-83.044693
3190,Broadway,Grove City,Franklin,OH,43123,39.946881,-83.122755
6109,Franklin St,Grove City,Franklin,OH,43123,39.95129,-83.138667
232,Franklin St,Grove City,Franklin,OH,43123,39.813012,-83.129738
3685,Park St,Grove City,Franklin,OH,43123,39.887185,-83.119252
2634,Franklin St,Grove City,Franklin,OH,43123,39.858088,-83.137478
1030,Park St,Grove City,Franklin,OH,43123,39.919351,-83.077479
9558,Park St,Grove City,Franklin,OH,43123,39.879914,-83.032604
4742,Columbus St,Grove City,Franklin,OH,43123,39.831388,-83.139936
7285,Main St,Grove City,Franklin,OH,43123,39.94356,-83.059841
4546,Franklin St,Grove City,Franklin,OH,43123,39.961126,-83.02239
1155,Broadway,Grove City,Franklin,OH,43123,39.960855,-83.092223
7409,Park St,Grove City,Franklin,OH,43123,39.941803,-83.143705
9707,Main St,Grove City,Franklin,OH,43123,39.871291,-83.102399
6102,Main St,Grove City,Franklin,OH,43123,39.934365,-83.093201
3977,Park St,Grove City,Franklin,OH,43123,39.906411,-83.13008
7538,Park St,Grove City,Franklin,OH,43123,39.928669,-83.120587
1734,Franklin St,Grove City,Franklin,OH,43123,39.953755,-83.095841
8990,Columbus St,Grove City,Franklin,OH,43123,39.938526,-83.083627
7484,Broadway,Grove City,Franklin,OH,43123,39.868342,-83.053937
5210,Franklin St,Grove City,Franklin,OH,43123,39.856913,-83.144277
1768,Franklin St,Grove City,Franklin,OH,43123,39.891897,-83.099901
7641,Columbus St,Grove City,Franklin,OH,43123,39.910209,-83.163176
4878,Columbus St,Grove City,Franklin,OH,43123,39.875855,-83.123621
8432,Columbus St,Grove City,Franklin,OH,43123,39.892931,-83.141894
3513,Main St,Grove City,Franklin,OH,43123,39.908523,-83.136638
6494,Columbus St,Grove City,Franklin,OH,43123,39.918732,-83.055562
5157,Broadway,Grove City,Franklin,OH,43123,39.892913,-83.105266
6906,Columbus St,Grove City,Franklin,OH,43123,39.925239,-83.039181
2589,Main St,Grove City,Franklin,OH,43123,39.81129,-83.114041
9996,Columbus St,Grove City,Franklin,OH,43123,39.810725,-83.135691
2037,Columbus St,Grove City,Franklin,OH,43123,39.848298,-83.013188
6461,Park St,Grove City,Franklin,OH,43123,39.888408,-83.119888
9101,Columbus St,Grove City,Franklin,OH,43123,39.830244,-83.04933
8147,Columbus St,Grove City,Franklin,OH,43123,39.921872,-83.041282
3769,Park St,Grove City,Franklin,OH,43123,39.910181,-83.127461
9338,Tech Center Dr,Gahanna,Franklin,OH,43230,39.949836,-82.903896
6970,Tech Center Dr,Gahanna,Franklin,OH,43230,40.095459,-82.841731
9832,Hamilton Rd,Gahanna,Franklin,OH,43230,39.951073,-82.879421
2878,Hamilton Rd,Gahanna,Franklin,OH,43230,40.047025,-82.829891
6367,Hamilton Rd,Gahanna,Franklin,OH,43230,40.025008,-82.88888
8665,Tech Center Dr,Gahanna,Franklin,OH,43230,40.060849,-82.953958
7519,Granville St,Gahanna,Franklin,OH,43230,40.032171,-82.912393
6137,Stygler Rd,Gahanna,Franklin,OH,43230,39.98547,-82.90694
701,Granville St,Gahanna,Franklin,OH,43230,40.040775,-82.83721
4276,Tech Center Dr,Gahanna,Franklin,OH,43230,40.079015,-82.835295
7994,Tech Center Dr,Gahanna,Franklin,OH,43230,40.039063,-82.883527
486,Stygler Rd,Gahanna,Franklin,OH,43230,39.971897,-82.820618
898,Granville St,Gahanna,Franklin,OH,43230,39.941915,-82.922107
3521,Tech Center Dr,Gahanna,Franklin,OH,43230,40.057448,-82.806842
6546,Tech Center Dr,Gahanna,Franklin,OH,43230,40.071411,-82.921392
9624,Granville St,Gahanna,Franklin,OH,43230,39.964036,-82.937301
3407,Tech Center Dr,Gahanna,Franklin,OH,43230,39.945461,-82.953597
4862,Hamilton Rd,Gahanna,Franklin,OH,43230,40.028996,-82.838781
2647,Tech Center Dr,Gahanna,Franklin,OH,43230,40.049698,-82.8547
612,Hamilton Rd,Gahanna,Franklin,OH,43230,40.03393,-82.803056
8810,Tech Center Dr,Gahanna,Franklin,OH,43230,40.019721,-82.861522
625,Stygler Rd,Gahanna,Franklin,OH,43230,40.020814,-82.948532
8219,Hamilton Rd,Gahanna,Franklin,OH,43230,40.093322,-82.877339
4461,Hamilton Rd,Gahanna,Franklin,OH,43230,40.042293,-82.800468
403,Granville St,Gahanna,Franklin,OH,43230,39.953579,-82.847743
6054,Granville St,Gahanna,Franklin,OH,43230,40.072496,-82.939811
9533,Tech Center Dr,Gahanna,Franklin,OH,43230,39.993472,-82.898786
2101,Hamilton Rd,Gahanna,Franklin,OH,43230,40.017402,-82.937364
7847,Granville St,Gahanna,Franklin,OH,43230,39.970544,-82.93835
2632,Stygler Rd,Gahanna,Franklin,OH,43230,39.993575,-82.843451
2365,Granville St,Gahanna,Franklin,OH,43230,40.039274,-82.933705
9940,Hamilton Rd,Gahanna,Franklin,OH,43230,40.03084,-82.953203
3572,Stygler Rd,Gahanna,Franklin,OH,43230,40.064571,-82.911279
9122,Stygler Rd,Gahanna,Franklin,OH,43230,40.045818,-82.874968
5636,Stygler Rd,Gahanna,Franklin,OH,43230,40.008923,-82.954149
3515,Hamilton Rd,Gahanna,Franklin,OH,43230,40.040211,-82.943686
1494,Hamilton Rd,Gahanna,Franklin,OH,43230,40.089232,-82.810948
3243,Tech Center Dr,Gahanna,Franklin,OH,43230,39.965368,-82.937206
5080,Stygler Rd,Gahanna,Franklin,OH,43230,39.947522,-82.88008
5170,Tech Center Dr,Gahanna,Franklin,OH,43230,39.972621,-82.837845
8185,Granville St,Gahanna,Franklin,OH,43230,40.078498,-82.914883
615,Granville St,Gahanna,Franklin,OH,43230,39.950067,-82.883701
1345,Granville St,Gahanna,Franklin,OH,43230,40.091772,-82.872394
708,Stygler Rd,Gahanna,Franklin,OH,43230,39.949336,-82.865682
3524,Hamilton Rd,Gahanna,Franklin,OH,43230,39.989901,-82.8776
2032,Stygler Rd,Gahanna,Franklin,OH,43230,40.098006,-82.938704
4816,Granville St,Gahanna,Franklin,OH,43230,40.077338,-82.923756
4056,Stygler Rd,Gahanna,Franklin,OH,43230,40.001922,-82.811588
3420,Hamilton Rd,Gahanna,Franklin,OH,43230,39.940653,-82.841029
5469,Stygler Rd,Gahanna,Franklin,OH,43230,39.970967,-82.917862
2555,Stygler Rd,Gahanna,Franklin,OH,43230,39.950198,-82.87137
4104,Granville St,Gahanna,Franklin,OH,43230,40.03969,-82.872907
7254,Stygler Rd,Gahanna,Franklin,OH,43230,40.035924,-82.811427
7018,Stygler Rd,Gahanna,Franklin,OH,43230,39.940706,-82.885828
9607,Granville St,Gahanna,Franklin,OH,43230,39.943457,-82.876007
9596,Hamilton Rd,Gahanna,Franklin,OH,43230,40.006423,-82.887552
1449,Tech Center Dr,Gahanna,Franklin,OH,43230,40.021146,-82.813831
9795,Hamilton Rd,Gahanna,Franklin,OH,43230,40.043697,-82.940103
3221,Granville St,Gahanna,Franklin,OH,43230,40.064741,-82.929079
9329,Granville St,Gahanna,Franklin,OH,43230,40.051623,-82.948685
1819,Tech Center Dr,Gahanna,Franklin,OH,43230,39.979997,-82.831005
3971,Stygler Rd,Gahanna,Franklin,OH,43230,40.095983,-82.840813
6680,Hamilton Rd,Gahanna,Franklin,OH,43230,40.089764,-82.806184
2778,Tech Center Dr,Gahanna,Franklin,OH,43230,39.967625,-82.928165
2763,Stygler Rd,Gahanna,Franklin,OH,43230,39.961966,-82.823803
780,Hamilton Rd,Gahanna,Franklin,OH,43230,40.062329,-82.932418
9405,Granville St,Gahanna,Franklin,OH,43230,40.066964,-82.920902
456,Granville St,Gahanna,Franklin,OH,43230,39.978796,-82.893837
775,Tech Center Dr,Gahanna,Franklin,OH,43230,40.025982,-82.902047
5282,Granville St,Gahanna,Franklin,OH,43230,39.942133,-82.830525
3509,Brice Rd,Reynoldsburg,Franklin,OH,43068,39.912201,-82.8485
871,Taylor Rd,Reynoldsburg,Franklin,OH,43068,40.011084,-82.857178
7353,Lancaster Ave,Reynoldsburg,Franklin,OH,43068,39.995606,-82.844887
425,Brice Rd,Reynoldsburg,Franklin,OH,43068,39.889918,-82.797254
821,Main St,Reynoldsburg,Franklin,OH,43068,39.980963,-82.743535
7328,Main St,Reynoldsburg,Franklin,OH,43068,39.947397,-82.800848
2511,Main St,Reynoldsburg,Franklin,OH,43068,40.007398,-82.863942
9913,Taylor Rd,Reynoldsburg,Franklin,OH,43068,39.897467,-82.855964
4594,Brice Rd,Reynoldsburg,Franklin,OH,43068,39.925031,-82.734264
3807,Taylor Rd,Reynoldsburg,Franklin,OH,43068,40.01224,-82.81626
4528,Taylor Rd,Reynoldsburg,Franklin,OH,43068,39.958071,-82.852699
795,Brice Rd,Reynoldsburg,Franklin,OH,43068,40.021201,-82.884642
2129,Brice Rd,Reynoldsburg,Franklin,OH,43068,39.892852,-82.750545
3087,Main St,Reynoldsburg,Franklin,OH,43068,40.02795,-82.889441
2467,Taylor Rd,Reynoldsburg,Franklin,OH,43068,39.987024,-82.783249
6056,Lancaster Ave,Reynoldsburg,Franklin,OH,43068,39.876165,-82.787121
2200,Taylor Rd,Reynoldsburg,Franklin,OH,43068,39.961431,-82.843077
815,Taylor Rd,Reynoldsburg,Franklin,OH,43068,39.901595,-82.813148
3579,Lancaster Ave,Reynoldsburg,Franklin,OH,43068,39.984448,-82.765374
7923,Lancaster Ave,Reynoldsburg,Franklin,OH,43068,39.931855,-82.846819
3936,Brice Rd,Reynoldsburg,Franklin,OH,43068,39.961791,-82.849119
7285,Taylor Rd,Reynoldsburg,Franklin,OH,43068,40.029001,-82.736015
6030,Brice Rd,Reynoldsburg,Franklin,OH,43068,39.917571,-82.764934
7066,Taylor Rd,Reynoldsburg,Franklin,OH,43068,40.021487,-82.859828
7072,Brice Rd,Reynoldsburg,Franklin,OH,43068,39.996457,-82.810016
9641,Taylor Rd,Reynoldsburg,Franklin,OH,43068,39.959852,-82.857911
7451,Brice Rd,Reynoldsburg,Franklin,OH,43068,40.030174,-82.761194
8943,Main St,Reynoldsburg,Franklin,OH,43068,39.895064,-82.818335
1894,Brice Rd,Reynoldsburg,Franklin,OH,43068,39.885431,-82.752424
2351,Taylor Rd,Reynoldsburg,Franklin,OH,43068,40.013533,-82.876254
5256,Lancaster Ave,Reynoldsburg,Franklin,OH,43068,39.923866,-82.883682
8523,Taylor Rd,Reynoldsburg,Franklin,OH,43068,39.994786,-82.842726
8063,Brice Rd,Reynoldsburg,Franklin,OH,43068,39.923947,-82.827539
9418,Taylor Rd,Reynoldsburg,Franklin,OH,43068,39.943286,-82.791168
6319,Main St,Reynoldsburg,Franklin,OH,43068,40.002564,-82.874044
4368,Main St,Reynoldsburg,Franklin,OH,43068,39.993206,-82.795525
8488,Lancaster Ave,Reynoldsburg,Franklin,OH,43068,39.923364,-82.756032
2812,Lancaster Ave,Reynoldsburg,Franklin,OH,43068,39.920651,-82.748385
8669,Lancaster Ave,Reynoldsburg,Franklin,OH,43068,40.009552,-82.890228
5074,Taylor Rd,Reynoldsburg,Franklin,OH,43068,40.024022,-82.793642
5779,Lancaster Ave,Reynoldsburg,Franklin,OH,43068,40.008132,-82.8866
3132,Brice Rd,Reynoldsburg,Franklin,OH,43068,39.902559,-82.839555
9407,Taylor Rd,Reynoldsburg,Franklin,OH,43068,40.027092,-82.854368
9681,Taylor Rd,Reynoldsburg,Franklin,OH,43068,39.910899,-82.882881
8160,Lancaster Ave,Reynoldsburg,Franklin,OH,43068,39.963622,-82.812998
6200,Brice Rd,Reynoldsburg,Franklin,OH,43068,39.8751,-82.80056
3402,Lancaster Ave,Reynoldsburg,Franklin,OH,43068,39.981344,-82.821945
8552,Main St,Reynoldsburg,Franklin,OH,43068,39.88235,-82.846862
3145,Brice Rd,Reynoldsburg,Franklin,OH,43068,40.027927,-82.884606
3096,Lancaster Ave,Reynoldsburg,Franklin,OH,43068,40.019202,-82.80597
8317,Brice Rd,Reynoldsburg,Franklin,OH,43068,39.917229,-82.884971
3496,Main St,Reynoldsburg,Franklin,OH,43068,40.032766,-82.822171
2221,Lancaster Ave,Reynoldsburg,Franklin,OH,43068,39.905048,-82.736706
6110,Lancaster Ave,Reynoldsburg,Franklin,OH,43068,39.986963,-82.764425
582,Brice Rd,Reynoldsburg,Franklin,OH,43068,40.024603,-82.862565
2907,Brice Rd,Reynoldsburg,Franklin,OH,43068,40.021545,-82.890763
5144,Main St,Reynoldsburg,Franklin,OH,43068,39.890944,-82.797109
7625,Main St,Reynoldsburg,Franklin,OH,43068,39.918201,-82.819846
8703,Lancaster Ave,Reynoldsburg,Franklin,OH,43068,40.019176,-82.834137
2499,Lancaster Ave,Reynoldsburg,Franklin,OH,43068,40.006939,-82.859629
