number,street,city,county,state,postcode,latitude,longitude
926,Main St,Columbus,Franklin,OH,43081,39.950864,-83.043373
6166,Cleveland Ave,Columbus,Franklin,OH,43215,39.958217,-82.955201
994,Rich St,Columbus,Franklin,OH,43215,39.939879,-83.037238
1200,Morse Rd,Columbus,Franklin,OH,43081,39.887575,-82.962489
384,Gay St,Columbus,Franklin,OH,43215,40.029541,-82.96995
9227,Livingston Ave,Columbus,Franklin,OH,43081,39.975737,-83.00802
6085,Henderson Rd,Columbus,Franklin,OH,43215,39.96859,-82.961916
1865,Bethel Rd,Columbus,Franklin,OH,43215,39.893803,-82.924133
9263,Broad St,Columbus,Franklin,OH,43215,39.901155,-82.977259
1915,Grant Ave,Columbus,Franklin,OH,43215,40.033644,-82.945843
6945,Livingston Ave,Columbus,Franklin,OH,43215,39.946066,-82.995394
788,Broad St,Columbus,Franklin,OH,43081,39.902772,-83.042084
8760,High St,Columbus,Franklin,OH,43081,39.992889,-82.950491
3467,State St,Columbus,Franklin,OH,43081,39.920229,-83.050509
6193,Cleveland Ave,Columbus,Franklin,OH,43215,39.889518,-83.073266
6605,Broad St,Columbus,Franklin,OH,43081,39.95015,-82.958147
4456,High St,Columbus,Franklin,OH,43081,40.010337,-83.036756
2160,Main St,Columbus,Franklin,OH,43215,39.903822,-83.001104
3842,Bethel Rd,Columbus,Franklin,OH,43215,39.951122,-82.93811
3893,Broad St,Columbus,Franklin,OH,43081,39.988721,-82.969966
9729,Morse Rd,Columbus,Franklin,OH,43081,39.90948,-82.972825
6730,Henderson Rd,Columbus,Franklin,OH,43081,40.002923,-82.925602
6062,Livingston Ave,Columbus,Franklin,OH,43215,39.988016,-83.067244
7631,State St,Columbus,Franklin,OH,43081,39.990946,-83.011256
8369,Town St,Columbus,Franklin,OH,43215,39.890406,-82.941842
9582,Town St,Columbus,Franklin,OH,43215,40.038845,-83.013839
6680,State St,Columbus,Franklin,OH,43215,40.03993,-82.965188
2178,Main St,Columbus,Franklin,OH,43215,40.02818,-82.96999
2117,Summit St,Columbus,Franklin,OH,43215,39.963715,-82.970324
887,Grant Ave,Columbus,Franklin,OH,43081,39.979614,-83.060454
8947,Livingston Ave,Columbus,Franklin,OH,43081,40.012796,-82.924511
5420,State St,Columbus,Franklin,OH,43081,39.915343,-82.998615
6541,Bethel Rd,Columbus,Franklin,OH,43215,39.962176,-82.992796
301,Rich St,Columbus,Franklin,OH,43215,40.027983,-83.034113
2317,Broad St,Columbus,Franklin,OH,43215,39.989118,-82.920273
2731,Bethel Rd,Columbus,Franklin,OH,43215,39.96696,-83.011697
853,Livingston Ave,Columbus,Franklin,OH,43081,39.949046,-82.920959
4385,Summit St,Columbus,Franklin,OH,43081,39.913501,-82.92083
1970,Summit St,Columbus,Franklin,OH,43081,39.986277,-83.063267
2842,Henderson Rd,Columbus,Franklin,OH,43215,39.906433,-83.053615
8739,Bethel Rd,Columbus,Franklin,OH,43215,39.995846,-83.065848
9010,Town St,Columbus,Franklin,OH,43081,39.985413,-82.991137
7182,Town St,Columbus,Franklin,OH,43215,39.944528,-83.037382
2429,Summit St,Columbus,Franklin,OH,43215,39.999772,-82.934732
770,Main St,Columbus,Franklin,OH,43081,40.000836,-83.00959
5115,Broad St,Columbus,Franklin,OH,43215,39.915816,-82.927955
9553,Main St,Columbus,Franklin,OH,43215,39.918479,-83.026959
3736,Home St,Westerville,Franklin,OH,43081,40.103948,-82.887014
4797,Cleveland Ave,Westerville,Franklin,OH,43081,40.137994,-82.919156
2140,Home St,Westerville,Franklin,OH,43081,40.17785,-82.862668
1400,State St,Westerville,Franklin,OH,43081,40.075026,-82.937813
4808,Otterbein Ave,Westerville,Franklin,OH,43081,40.152243,-82.915316
6322,State St,Westerville,Franklin,OH,43081,40.147092,-82.853312
8746,Home St,Westerville,Franklin,OH,43081,40.143615,-82.960327
7041,Main St,Westerville,Franklin,OH,43081,40.168856,-82.979601
7587,Cleveland Ave,Westerville,Franklin,OH,43081,40.154251,-82.956687
6162,Otterbein Ave,Westerville,Franklin,OH,43081,40.199666,-82.889314
8460,State St,Westerville,Franklin,OH,43081,40.202755,-82.868384
405,Home St,Westerville,Franklin,OH,43081,40.201637,-82.876258
7000,Cleveland Ave,Westerville,Franklin,OH,43081,40.060387,-82.917917
8991,Otterbein Ave,Westerville,Franklin,OH,43081,40.163962,-82.999195
4243,Otterbein Ave,Westerville,Franklin,OH,43081,40.092382,-82.987493
4670,Otterbein Ave,Westerville,Franklin,OH,43081,40.192124,-82.961011
4530,Home St,Westerville,Franklin,OH,43081,40.148966,-82.923071
5495,State St,Westerville,Franklin,OH,43081,40.192075,-82.991837
7254,Main St,Westerville,Franklin,OH,43081,40.130427,-82.97537
7394,State St,Westerville,Franklin,OH,43081,40.130838,-82.91594
8806,Cleveland Ave,Westerville,Franklin,OH,43081,40.105517,-82.95428
4751,Cleveland Ave,Westerville,Franklin,OH,43081,40.085612,-82.883473
7273,State St,Westerville,Franklin,OH,43081,40.202491,-82.904851
8475,Home St,Westerville,Franklin,OH,43081,40.09556,-82.858512
6347,Cleveland Ave,Westerville,Franklin,OH,43081,40.145238,-82.929315
8899,Cleveland Ave,Westerville,Franklin,OH,43081,40.127939,-82.930264
8992,Main St,Westerville,Franklin,OH,43081,40.135407,-82.914842
8795,Otterbein Ave,Westerville,Franklin,OH,43081,40.1046,-82.947976
217,Home St,Westerville,Franklin,OH,43081,40.202731,-82.885281
9654,Otterbein Ave,Westerville,Franklin,OH,43081,40.138597,-83.005096
851,State St,Westerville,Franklin,OH,43081,40.113614,-82.999
2102,Otterbein Ave,Westerville,Franklin,OH,43081,40.160621,-82.904564
3771,Home St,Westerville,Franklin,OH,43081,40.195057,-82.928766
688,Home St,Westerville,Franklin,OH,43081,40.089156,-82.931432
2528,Cleveland Ave,Westerville,Franklin,OH,43081,40.059572,-82.866545
1650,Home St,Westerville,Franklin,OH,43081,40.059,-82.901085
4303,State St,Westerville,Franklin,OH,43081,40.168345,-83.004897
4275,Main St,Westerville,Franklin,OH,43081,40.205451,-82.987496
2244,Cleveland Ave,Westerville,Franklin,OH,43081,40.096137,-82.930675
2249,Cleveland Ave,Westerville,Franklin,OH,43081,40.173765,-83.002087
596,State St,Westerville,Franklin,OH,43081,40.154471,-82.919283
6859,Home St,Westerville,Franklin,OH,43081,40.160575,-82.864342
8946,Cleveland Ave,Westerville,Franklin,OH,43081,40.129589,-82.850973
8294,Cleveland Ave,Westerville,Franklin,OH,43081,40.145299,-82.968759
2224,Otterbein Ave,Westerville,Franklin,OH,43081,40.091102,-82.941831
8631,Otterbein Ave,Westerville,Franklin,OH,43081,40.10665,-82.972086
7694,Home St,Westerville,Franklin,OH,43081,40.160711,-82.935693
5152,Home St,Westerville,Franklin,OH,43081,40.187824,-82.868997
1606,State St,Westerville,Franklin,OH,43081,40.203437,-82.912391
6508,Main St,Westerville,Franklin,OH,43081,40.063076,-82.976033
5085,Sandusky St,Delaware,Delaware,OH,43015,40.368302,-83.057412
5794,William St,Delaware,Delaware,OH,43015,40.335449,-83.144739
4218,Washington St,Delaware,Delaware,OH,43015,40.260334,-83.091531
7230,Winter St,Delaware,Delaware,OH,43015,40.26675,-83.077916
7672,Winter St,Delaware,Delaware,OH,43015,40.243579,-83.147394
2816,Sandusky St,Delaware,Delaware,OH,43015,40.278145,-83.005916
425,Sandusky St,Delaware,Delaware,OH,43015,40.305336,-83.073247
625,Winter St,Delaware,Delaware,OH,43015,40.360361,-83.049868
8412,Sandusky St,Delaware,Delaware,OH,43015,40.357252,-83.063587
5477,Washington St,Delaware,Delaware,OH,43015,40.332334,-83.130354
6322,William St,Delaware,Delaware,OH,43015,40.278709,-83.054149
5596,Central Ave,Delaware,Delaware,OH,43015,40.344699,-83.000859
9168,Sandusky St,Delaware,Delaware,OH,43015,40.356683,-83.112819
9312,William St,Delaware,Delaware,OH,43015,40.294241,-83.060544
2489,Washington St,Delaware,Delaware,OH,43015,40.31873,-83.057316
2960,Franklin St,Delaware,Delaware,OH,43015,40.367922,-83.002543
2527,Sandusky St,Delaware,Delaware,OH,43015,40.26042,-83.094528
9356,Winter St,Delaware,Delaware,OH,43015,40.364682,-82.999321
8403,Washington St,Delaware,Delaware,OH,43015,40.291374,-83.023223
9218,William St,Delaware,Delaware,OH,43015,40.22834,-83.04497
303,Lake St,Delaware,Delaware,OH,43015,40.372804,-83.081099
1676,London Rd,Delaware,Delaware,OH,43015,40.243911,-82.994309
366,London Rd,Delaware,Delaware,OH,43015,40.333657,-83.103062
5783,London Rd,Delaware,Delaware,OH,43015,40.3015,-83.04961
4330,William St,Delaware,Delaware,OH,43015,40.269957,-83.084925
7201,Lake St,Delaware,Delaware,OH,43015,40.265237,-83.08621
1534,Union St,Delaware,Delaware,OH,43015,40.371344,-83.134718
2409,Winter St,Delaware,Delaware,OH,43015,40.360225,-83.147909
8608,London Rd,Delaware,Delaware,OH,43015,40.289497,-82.999779
4052,William St,Delaware,Delaware,OH,43015,40.376876,-83.135258
4008,London Rd,Delaware,Delaware,OH,43015,40.334888,-83.027432
7463,Winter St,Delaware,Delaware,OH,43015,40.268438,-83.023428
5853,Sandusky St,Delaware,Delaware,OH,43015,40.308582,-83.107461
4408,Lake St,Delaware,Delaware,OH,43015,40.314061,-83.00225
276,William St,Delaware,Delaware,OH,43015,40.252277,-83.036697
5875,London Rd,Delaware,Delaware,OH,43015,40.304388,-83.010081
5816,Union St,Delaware,Delaware,OH,43015,40.314533,-83.049062
1263,Winter St,Delaware,Delaware,OH,43015,40.236192,-83.012138
6822,Union St,Delaware,Delaware,OH,43015,40.286717,-82.998468
3335,Union St,Delaware,Delaware,OH,43015,40.37209,-83.063293
2677,Franklin St,Delaware,Delaware,OH,43015,40.317915,-83.123819
2223,London Rd,Delaware,Delaware,OH,43015,40.360473,-83.037592
3940,Central Ave,Delaware,Delaware,OH,43015,40.318149,-83.064907
3357,Lake St,Delaware,Delaware,OH,43015,40.232671,-83.020712
7020,Sandusky St,Delaware,Delaware,OH,43015,40.348499,-83.140506
3768,Lake St,Delaware,Delaware,OH,43015,40.336473,-83.046966
2950,Union St,Delaware,Delaware,OH,43015,40.352971,-83.071962
1859,Sandusky St,Delaware,Delaware,OH,43015,40.294901,-83.099129
3600,Franklin St,Delaware,Delaware,OH,43015,40.25166,-83.01496
3230,London Rd,Delaware,Delaware,OH,43015,40.223406,-83.146847
8113,Winter St,Delaware,Delaware,OH,43015,40.373135,-83.03759
4487,Sandusky St,Delaware,Delaware,OH,43015,40.264482,-83.064237
5048,Winter St,Delaware,Delaware,OH,43015,40.282514,-82.997842
7253,Lake St,Delaware,Delaware,OH,43015,40.342462,-83.146507
2897,Washington St,Delaware,Delaware,OH,43015,40.221542,-82.998958
3942,William St,Delaware,Delaware,OH,43015,40.372892,-83.091912
3184,Lake St,Delaware,Delaware,OH,43015,40.258421,-83.068789
140,Winter St,Delaware,Delaware,OH,43015,40.353977,-83.011738
7182,Washington St,Delaware,Delaware,OH,43015,40.267993,-83.002599
6673,Central Ave,Delaware,Delaware,OH,43015,40.296818,-83.052769
7746,Union St,Delaware,Delaware,OH,43015,40.372949,-83.137381
2958,Washington St,Delaware,Delaware,OH,43015,40.307513,-83.075617
8131,Union St,Delaware,Delaware,OH,43015,40.247355,-83.043903
550,Union St,Delaware,Delaware,OH,43015,40.36694,-83.028026
6989,William St,Delaware,Delaware,OH,43015,40.219183,-83.006179
7984,Winter St,Delaware,Delaware,OH,43015,40.3314,-83.120757
8914,Union St,Delaware,Delaware,OH,43015,40.267727,-83.085885
9838,Union St,Delaware,Delaware,OH,43015,40.321237,-83.094633
8288,London Rd,Delaware,Delaware,OH,43015,40.345469,-83.019402
8415,Winter St,Delaware,Delaware,OH,43015,40.259993,-82.997678
9845,William St,Delaware,Delaware,OH,43015,40.265323,-83.133373
9555,Washington St,Delaware,Delaware,OH,43015,40.338219,-83.125075
343,Sandusky St,Delaware,Delaware,OH,43015,40.27055,-83.10028
7510,Washington St,Delaware,Delaware,OH,43015,40.309822,-82.992415
1942,Washington St,Delaware,Delaware,OH,43015,40.233834,-83.059405
6376,Washington St,Delaware,Delaware,OH,43015,40.311281,-83.0468
5257,Winter St,Delaware,Delaware,OH,43015,40.324673,-82.992298
6002,Winter St,Delaware,Delaware,OH,43015,40.297327,-83.045908
5021,Winter St,Delaware,Delaware,OH,43015,40.227121,-83.127585
4978,London Rd,Delaware,Delaware,OH,43015,40.289731,-83.069945
7329,Sandusky St,Delaware,Delaware,OH,43015,40.332223,-83.031038
5427,Sandusky St,Delaware,Delaware,OH,43015,40.257752,-83.011215
4652,Sandusky St,Delaware,Delaware,OH,43015,40.330718,-83.015218
298,Winter St,Delaware,Delaware,OH,43015,40.239211,-83.137237
8228,Central Ave,Delaware,Delaware,OH,43015,40.339069,-83.041589
1582,Union St,Delaware,Delaware,OH,43015,40.31014,-83.023266
7605,Winter St,Delaware,Delaware,OH,43015,40.37174,-83.022613
5658,William St,Delaware,Delaware,OH,43015,40.289374,-83.14401
1872,Union St,Delaware,Delaware,OH,43015,40.232276,-83.031381
6380,London Rd,Delaware,Delaware,OH,43015,40.372674,-83.054156
1493,Winter St,Delaware,Delaware,OH,43015,40.367557,-83.062637
8131,Central Ave,Delaware,Delaware,OH,43015,40.277331,-83.039656
744,Central Ave,Delaware,Delaware,OH,43015,40.360713,-83.126215
500,William St,Delaware,Delaware,OH,43015,40.293633,-83.060398
3720,Washington St,Delaware,Delaware,OH,43015,40.264274,-83.05839
2941,Sandusky St,Delaware,Delaware,OH,43015,40.299821,-83.018597
3336,Lake St,Delaware,Delaware,OH,43015,40.363599,-83.095182
5895,Lake St,Delaware,Delaware,OH,43015,40.28857,-83.007303
7389,Winter St,Delaware,Delaware,OH,43015,40.358498,-83.08668
6243,London Rd,Delaware,Delaware,OH,43015,40.322294,-83.024629
7143,Union St,Delaware,Delaware,OH,43015,40.284301,-83.036817
6749,Franklin St,Delaware,Delaware,OH,43015,40.286461,-82.996709
2627,William St,Delaware,Delaware,OH,43015,40.258009,-83.072449
7222,Washington St,Delaware,Delaware,OH,43015,40.243311,-83.071059
1872,Union St,Delaware,Delaware,OH,43015,40.308023,-83.035642
6245,Union St,Delaware,Delaware,OH,43015,40.297804,-83.080773
3781,Franklin St,Delaware,Delaware,OH,43015,40.36324,-82.98836
687,William St,Delaware,Delaware,OH,43015,40.251176,-83.038215
6525,Sandusky St,Delaware,Delaware,OH,43015,40.374079,-83.145027
6573,Central Ave,Delaware,Delaware,OH,43015,40.357599,-83.124872
8952,Central Ave,Delaware,Delaware,OH,43015,40.366159,-83.084056
7058,Lake St,Delaware,Delaware,OH,43015,40.261572,-83.120147
1156,Franklin St,Delaware,Delaware,OH,43015,40.224911,-83.054588
2357,Lake St,Delaware,Delaware,OH,43015,40.36304,-83.084528
6365,Washington St,Delaware,Delaware,OH,43015,40.2435,-83.096791
5103,London Rd,Delaware,Delaware,OH,43015,40.230788,-83.121903
9951,Winter St,Delaware,Delaware,OH,43015,40.3219,-83.116983
6699,William St,Delaware,Delaware,OH,43015,40.311617,-83.085313
7314,William St,Delaware,Delaware,OH,43015,40.284399,-83.038506
2711,London Rd,Delaware,Delaware,OH,43015,40.282422,-83.079407
7604,Franklin St,Delaware,Delaware,OH,43015,40.236365,-83.111358
5312,Washington St,Delaware,Delaware,OH,43015,40.326947,-83.117907
8651,Winter St,Delaware,Delaware,OH,43015,40.233976,-83.120289
5799,Washington St,Delaware,Delaware,OH,43015,40.358206,-83.039868
7803,Union St,Delaware,Delaware,OH,43015,40.348759,-83.050362
9143,Franklin St,Delaware,Delaware,OH,43015,40.367038,-83.099175
6735,Franklin St,Delaware,Delaware,OH,43015,40.324318,-82.996511
8147,Union St,Delaware,Delaware,OH,43015,40.221483,-83.118136
9202,Washington St,Delaware,Delaware,OH,43015,40.312919,-83.132311
2648,William St,Delaware,Delaware,OH,43015,40.24051,-83.065696
8627,Sandusky St,Delaware,Delaware,OH,43015,40.371598,-83.016358
7293,William St,Delaware,Delaware,OH,43015,40.351053,-83.044867
7330,William St,Delaware,Delaware,OH,43015,40.324181,-83.10564
6609,Lake St,Delaware,Delaware,OH,43015,40.281961,-83.099215
4853,London Rd,Delaware,Delaware,OH,43015,40.234821,-83.125557
2992,Central Ave,Delaware,Delaware,OH,43015,40.232808,-83.092962
2106,Lake St,Delaware,Delaware,OH,43015,40.258499,-83.14704
2435,William St,Delaware,Delaware,OH,43015,40.271252,-83.022896
1788,Union St,Delaware,Delaware,OH,43015,40.291163,-83.085981
9973,Central Ave,Delaware,Delaware,OH,43015,40.371005,-83.033835
6668,London Rd,Delaware,Delaware,OH,43015,40.312438,-82.998224
5699,Lake St,Delaware,Delaware,OH,43015,40.290761,-83.072515
584,Washington St,Delaware,Delaware,OH,43015,40.221456,-83.046778
9934,Sandusky St,Delaware,Delaware,OH,43015,40.255715,-83.059063
8557,London Rd,Delaware,Delaware,OH,43015,40.296091,-83.049812
1555,Winter St,Delaware,Delaware,OH,43015,40.331729,-83.039202
889,Lake St,Delaware,Delaware,OH,43015,40.295328,-83.091636
6428,Sandusky St,Delaware,Delaware,OH,43015,40.327967,-83.082749
3704,Lake St,Delaware,Delaware,OH,43015,40.25796,-82.994425
9695,London Rd,Delaware,Delaware,OH,43015,40.229292,-83.016932
384,Union St,Delaware,Delaware,OH,43015,40.33845,-83.122635
7530,Washington St,Delaware,Delaware,OH,43015,40.219981,-83.052231
988,Union St,Delaware,Delaware,OH,43015,40.233996,-82.993189
492,Lake St,Delaware,Delaware,OH,43015,40.289282,-83.081862
2119,Franklin St,Delaware,Delaware,OH,43015,40.256829,-83.051597
4133,Winter St,Delaware,Delaware,OH,43015,40.322006,-83.07332
2436,Central Ave,Delaware,Delaware,OH,43015,40.232283,-83.132024
2207,William St,Delaware,Delaware,OH,43015,40.325422,-83.058916
9743,Franklin St,Delaware,Delaware,OH,43015,40.248803,-83.106488
1773,Franklin St,Delaware,Delaware,OH,43015,40.277132,-83.027198
2565,Central Ave,Delaware,Delaware,OH,43015,40.323314,-82.999381
1820,Central Ave,Delaware,Delaware,OH,43015,40.234164,-83.085982
3703,Central Ave,Delaware,Delaware,OH,43015,40.221859,-83.091014
3474,Winter St,Delaware,Delaware,OH,43015,40.363049,-83.066784
7736,Franklin St,Delaware,Delaware,OH,43015,40.288768,-83.065525
1954,Union St,Delaware,Delaware,OH,43015,40.33466,-82.998042
641,William St,Delaware,Delaware,OH,43015,40.251908,-83.141143
464,Central Ave,Delaware,Delaware,OH,43015,40.375915,-83.057863
4369,Winter St,Delaware,Delaware,OH,43015,40.373168,-83.070243
5264,Union St,Delaware,Delaware,OH,43015,40.299559,-83.116949
6565,Central Ave,Delaware,Delaware,OH,43015,40.373506,-83.110085
6061,Sandusky St,Delaware,Delaware,OH,43015,40.281617,-83.04606
1090,Franklin St,Delaware,Delaware,OH,43015,40.330908,-83.118453
9228,Central Ave,Delaware,Delaware,OH,43015,40.284438,-83.075782
7485,London Rd,Delaware,Delaware,OH,43015,40.272173,-83.130838
992,Union St,Delaware,Delaware,OH,43015,40.358845,-83.059803
3634,Winter St,Delaware,Delaware,OH,43015,40.364429,-83.117953
9240,Central Ave,Delaware,Delaware,OH,43015,40.371958,-83.089331
557,Franklin St,Delaware,Delaware,OH,43015,40.25779,-83.046911
8590,Franklin St,Delaware,Delaware,OH,43015,40.229497,-83.076802
3640,Lake St,Delaware,Delaware,OH,43015,40.224433,-83.147171
9459,Central Ave,Delaware,Delaware,OH,43015,40.225501,-83.054797
2884,Union St,Delaware,Delaware,OH,43015,40.308282,-83.122143
8756,Sandusky St,Delaware,Delaware,OH,43015,40.259605,-83.077909
5662,Winter St,Delaware,Delaware,OH,43015,40.33024,-83.006636
1886,William St,Delaware,Delaware,OH,43015,40.376001,-83.052094
2481,Sandusky St,Delaware,Delaware,OH,43015,40.341592,-83.044429
439,William St,Delaware,Delaware,OH,43015,40.31415,-83.104329
6979,Lake St,Delaware,Delaware,OH,43015,40.249501,-83.118768
9046,Central Ave,Delaware,Delaware,OH,43015,40.289837,-82.990071
6376,Lake St,Delaware,Delaware,OH,43015,40.325017,-83.103134
3012,Union St,Delaware,Delaware,OH,43015,40.285982,-83.034968
3756,Union St,Delaware,Delaware,OH,43015,40.359282,-83.014044
4040,Union St,Delaware,Delaware,OH,43015,40.354213,-83.091481
9338,Franklin St,Delaware,Delaware,OH,43015,40.287787,-83.021696
6820,Washington St,Delaware,Delaware,OH,43015,40.241801,-83.020772
2457,Winter St,Delaware,Delaware,OH,43015,40.318396,-83.103019
7172,Washington St,Delaware,Delaware,OH,43015,40.298157,-83.020326
5814,Sandusky St,Delaware,Delaware,OH,43015,40.222567,-83.024734
4935,Washington St,Delaware,Delaware,OH,43015,40.305464,-83.120028
7478,Liberty St,Powell,Delaware,OH,43065,40.107599,-83.031928
8156,Sawmill Pkwy,Powell,Delaware,OH,43065,40.10082,-83.086907
9758,Liberty St,Powell,Delaware,OH,43065,40.101192,-83.142023
8041,Sawmill Pkwy,Powell,Delaware,OH,43065,40.199519,-83.124709
6564,Liberty St,Powell,Delaware,OH,43065,40.103155,-83.042974
1994,Olentangy St,Powell,Delaware,OH,43065,40.17997,-83.029341
7444,Village Way,Powell,Delaware,OH,43065,40.10212,-83.132928
7516,Liberty St,Powell,Delaware,OH,43065,40.213927,-83.000531
2716,Sawmill Pkwy,Powell,Delaware,OH,43065,40.116392,-83.106942
116,Sawmill Pkwy,Powell,Delaware,OH,43065,40.1056,-83.02081
9796,Village Way,Powell,Delaware,OH,43065,40.134926,-83.104386
2940,Village Way,Powell,Delaware,OH,43065,40.093673,-83.077292
6586,Sawmill Pkwy,Powell,Delaware,OH,43065,40.231893,-83.154076
9614,Village Way,Powell,Delaware,OH,43065,40.10198,-83.144105
7879,Liberty St,Powell,Delaware,OH,43065,40.235459,-83.071124
3416,Olentangy St,Powell,Delaware,OH,43065,40.097251,-83.109665
6374,Olentangy St,Powell,Delaware,OH,43065,40.168973,-83.116929
5694,Village Way,Powell,Delaware,OH,43065,40.104105,-83.022986
4933,Sawmill Pkwy,Powell,Delaware,OH,43065,40.18585,-83.011079
5926,Village Way,Powell,Delaware,OH,43065,40.181471,-83.13996
5572,Village Way,Powell,Delaware,OH,43065,40.223066,-83.131841
977,Sawmill Pkwy,Powell,Delaware,OH,43065,40.119248,-83.13506
4627,Liberty St,Powell,Delaware,OH,43065,40.103538,-83.096816
7255,Sawmill Pkwy,Powell,Delaware,OH,43065,40.197243,-83.006596
972,Village Way,Powell,Delaware,OH,43065,40.105005,-83.110867
4340,Olentangy St,Powell,Delaware,OH,43065,40.225825,-83.092682
1608,Village Way,Powell,Delaware,OH,43065,40.134101,-83.068931
3380,Olentangy St,Powell,Delaware,OH,43065,40.078935,-83.003769
2850,Olentangy St,Powell,Delaware,OH,43065,40.095249,-83.044563
2272,Liberty St,Powell,Delaware,OH,43065,40.161479,-83.003645
1683,Village Way,Powell,Delaware,OH,43065,40.183233,-83.064046
4338,Sawmill Pkwy,Powell,Delaware,OH,43065,40.159338,-83.016378
3656,Olentangy St,Powell,Delaware,OH,43065,40.099529,-83.081839
4248,Liberty St,Powell,Delaware,OH,43065,40.17672,-83.096653
7396,Sawmill Pkwy,Powell,Delaware,OH,43065,40.125327,-83.067585
9916,Sawmill Pkwy,Powell,Delaware,OH,43065,40.203153,-83.143113
1781,Village Way,Powell,Delaware,OH,43065,40.208985,-83.018301
3450,Sawmill Pkwy,Powell,Delaware,OH,43065,40.135771,-83.104508
2948,Liberty St,Powell,Delaware,OH,43065,40.091376,-83.072278
5562,Olentangy St,Powell,Delaware,OH,43065,40.103662,-82.997813
352,Liberty St,Powell,Delaware,OH,43065,40.216314,-83.106817
152,Olentangy St,Powell,Delaware,OH,43065,40.18993,-83.07123
2546,Olentangy St,Powell,Delaware,OH,43065,40.227743,-83.14485
7793,Village Way,Powell,Delaware,OH,43065,40.126158,-83.106286
7248,Liberty St,Powell,Delaware,OH,43065,40.172858,-83.121635
1234,Liberty St,Powell,Delaware,OH,43065,40.120229,-82.997793
9526,Liberty St,Powell,Delaware,OH,43065,40.212659,-83.124303
3042,Olentangy St,Powell,Delaware,OH,43065,40.100916,-83.13924
8173,Liberty St,Powell,Delaware,OH,43065,40.171668,-83.155006
540,Sawmill Pkwy,Powell,Delaware,OH,43065,40.209896,-83.064628
8411,Sawmill Pkwy,Powell,Delaware,OH,43065,40.124315,-83.077181
5857,Sawmill Pkwy,Powell,Delaware,OH,43065,40.148545,-83.127355
6449,Liberty St,Powell,Delaware,OH,43065,40.221285,-83.008841
7543,Liberty St,Powell,Delaware,OH,43065,40.180649,-83.069593
787,Sawmill Pkwy,Powell,Delaware,OH,43065,40.111859,-83.126514
3252,Liberty St,Powell,Delaware,OH,43065,40.185298,-83.134358
4049,Village Way,Powell,Delaware,OH,43065,40.183523,-83.12038
9326,Village Way,Powell,Delaware,OH,43065,40.098631,-83.023834
9049,Sawmill Pkwy,Powell,Delaware,OH,43065,40.206147,-83.10601
3619,Liberty St,Powell,Delaware,OH,43065,40.215199,-83.116478
7981,Liberty St,Powell,Delaware,OH,43065,40.152786,-83.080004
3113,Sawmill Pkwy,Powell,Delaware,OH,43065,40.236922,-83.08405
1726,Olentangy St,Powell,Delaware,OH,43065,40.150291,-83.002026
7340,Liberty St,Powell,Delaware,OH,43065,40.085742,-83.150532
3022,Village Way,Powell,Delaware,OH,43065,40.096623,-83.145851
6662,Village Way,Powell,Delaware,OH,43065,40.101355,-83.085004
8689,Sawmill Pkwy,Powell,Delaware,OH,43065,40.228149,-83.010321
3627,Sawmill Pkwy,Powell,Delaware,OH,43065,40.190306,-83.09963
7169,Liberty St,Powell,Delaware,OH,43065,40.208409,-83.027162
6989,Village Way,Powell,Delaware,OH,43065,40.124567,-83.064092
2637,Olentangy St,Powell,Delaware,OH,43065,40.175892,-83.065078
2577,Sawmill Pkwy,Powell,Delaware,OH,43065,40.11279,-83.117682
5369,Liberty St,Powell,Delaware,OH,43065,40.192219,-83.131849
9548,Olentangy St,Powell,Delaware,OH,43065,40.143117,-83.125481
782,Olentangy St,Powell,Delaware,OH,43065,40.12519,-83.030725
495,Olentangy St,Powell,Delaware,OH,43065,40.166724,-83.108794
4400,Olentangy St,Powell,Delaware,OH,43065,40.164932,-83.04748
7825,Olentangy St,Powell,Delaware,OH,43065,40.105513,-83.112154
4581,Sawmill Pkwy,Powell,Delaware,OH,43065,40.081209,-83.0417
4650,Village Way,Powell,Delaware,OH,43065,40.225009,-83.027983
7028,Sawmill Pkwy,Powell,Delaware,OH,43065,40.092909,-83.072176
7513,Village Way,Powell,Delaware,OH,43065,40.210878,-83.008188
8812,Olentangy St,Powell,Delaware,OH,43065,40.188435,-83.107413
7429,Village Way,Powell,Delaware,OH,43065,40.111848,-83.043591
8451,Liberty St,Powell,Delaware,OH,43065,40.117801,-82.998471
4866,Village Way,Powell,Delaware,OH,43065,40.078632,-83.041612
3539,Olentangy St,Powell,Delaware,OH,43065,40.115911,-83.109724
5927,Sawmill Pkwy,Powell,Delaware,OH,43065,40.212843,-83.1082
6878,Village Way,Powell,Delaware,OH,43065,40.17824,-83.149851
8279,Olentangy St,Powell,Delaware,OH,43065,40.138529,-83.102907
845,Liberty St,Powell,Delaware,OH,43065,40.099207,-83.099162
2013,Sawmill Pkwy,Powell,Delaware,OH,43065,40.114329,-83.005356
3685,Olentangy St,Powell,Delaware,OH,43065,40.18678,-83.042771
2239,Sawmill Pkwy,Powell,Delaware,OH,43065,40.121979,-83.151768
6320,Sawmill Pkwy,Powell,Delaware,OH,43065,40.166186,-83.018551
1909,Olentangy St,Powell,Delaware,OH,43065,40.133895,-82.995682
3554,Olentangy St,Powell,Delaware,OH,43065,40.103383,-83.041853
1589,Village Way,Powell,Delaware,OH,43065,40.17965,-83.092571
6058,Village Way,Powell,Delaware,OH,43065,40.082027,-83.001432
7479,Liberty St,Powell,Delaware,OH,43065,40.169723,-83.028359
9587,Village Way,Powell,Delaware,OH,43065,40.218026,-83.076922
9650,Sawmill Pkwy,Powell,Delaware,OH,43065,40.089127,-83.11158
6063,Village Way,Powell,Delaware,OH,43065,40.113875,-83.013286
4984,Village Way,Powell,Delaware,OH,43065,40.097287,-83.013981
7768,Olentangy St,Powell,Delaware,OH,43065,40.118878,-83.011697
240,Liberty St,Powell,Delaware,OH,43065,40.115295,-83.011799
7629,Olentangy St,Powell,Delaware,OH,43065,40.129766,-83.135912
5199,Liberty St,Powell,Delaware,OH,43065,40.213503,-83.148771
7012,Sawmill Pkwy,Powell,Delaware,OH,43065,40.23753,-83.061597
7256,Olentangy St,Powell,Delaware,OH,43065,40.142369,-83.141025
7553,Sawmill Pkwy,Powell,Delaware,OH,43065,40.205648,-83.008591
5567,Village Way,Powell,Delaware,OH,43065,40.229447,-83.150431
8381,Village Way,Powell,Delaware,OH,43065,40.151658,-83.067426
1438,Sawmill Pkwy,Powell,Delaware,OH,43065,40.15946,-83.13947
8740,Liberty St,Powell,Delaware,OH,43065,40.083701,-83.008398
3077,Olentangy St,Powell,Delaware,OH,43065,40.093022,-83.007791
4841,Sawmill Pkwy,Powell,Delaware,OH,43065,40.20343,-83.134785
8229,Liberty St,Powell,Delaware,OH,43065,40.234853,-83.153693
8980,Olentangy St,Powell,Delaware,OH,43065,40.080996,-83.016586
2632,Liberty St,Powell,Delaware,OH,43065,40.226821,-83.12247
