address,classification,snippet
"2567 ROBERTS CT, Columbus, OH, 43026",Unknown,
"2564 ROBERTS CT, Columbus, OH, 43026",Unknown,
"2563 ROBERTS CT, Columbus, OH, 43026",Unknown,
"2565 WALCUTT RD, Columbus, OH, 43026",Unknown,
"2566 ROBERTS CT, Columbus, OH, 43026",Unknown,
"2567 WALCUTT RD, Columbus, OH, 43026",Unknown,
"2570 ROBERTS CT, Columbus, OH, 43026",Unknown,
"2568 ROBERTS CT, Columbus, OH, 43026",Unknown,
"2571 WALCUTT RD, Columbus, OH, 43026",Unknown,
"2573 ROBERTS CT, Columbus, OH, 43026",Unknown,
"2573 WALCUTT RD, Columbus, OH, 43026",Unknown,
"2575 ROBERTS CT, Columbus, OH, 43026",Unknown,
"2574 ROBERTS CT, Columbus, OH, 43026",Unknown,
"2575 WALCUTT RD, Columbus, OH, 43026",Unknown,
"2576 ROBERTS CT, Columbus, OH, 43026",Unknown,
"2578 ROBERTS CT, Columbus, OH, 43026",Unknown,
"2579 WALCUTT RD, Columbus, OH, 43026",Unknown,
"2580 ROBERTS CT, Columbus, OH, 43026",Unknown,
"2581 ROBERTS CT, Columbus, OH, 43026",Unknown,
"2581 WALCUTT RD, Columbus, OH, 43026",Unknown,
"2583 ROBERTS CT, Columbus, OH, 43026",Unknown,
"2583 WALCUTT RD, Columbus, OH, 43026",Unknown,
"2585 ROBERTS CT, Columbus, OH, 43026",Unknown,
"2585 WALCUTT RD, Columbus, OH, 43026",Unknown,
"2586 ROBERTS CT, Columbus, OH, 43026",Unknown,
"2588 ROBERTS CT, Columbus, OH, 43026",Unknown,
"2587 ROBERTS CT, Columbus, OH, 43026",Unknown,
"2587 WALCUTT RD, Columbus, OH, 43026",Unknown,
"2591 ROBERTS CT, Columbus, OH, 43026",Unknown,
"2591 WALCUTT RD, Columbus, OH, 43026",Unknown,
"2593 ROBERTS CT, Columbus, OH, 43026",Unknown,
"2594 ROBERTS CT, Columbus, OH, 43026",Unknown,
"2595 ROBERTS CT, Columbus, OH, 43026",Unknown,
"2596 ROBERTS CT, Columbus, OH, 43026",Unknown,
"2595 WALCUTT RD, Columbus, OH, 43026",Unknown,
"2597 ROBERTS CT, Columbus, OH, 43026",Unknown,
"2600 ROBERTS CT, Columbus, OH, 43026",Unknown,
"2598 ROBERTS CT, Columbus, OH, 43026",Unknown,
"2635 WALCUTT RD, Columbus, OH, 43026",Unknown,
"2611 KINGVIEW DR, Hilliard, OH, 43026",Unknown,
"2637 AMBLYN DR, Columbus, OH, 43026",Unknown,
"2659 ALTON DARBY CREEK RD, Hilliard, OH, 43026",Unknown,
"2642 AMBLYN DR, Columbus, OH, 43026",Unknown,
"2678 ALTON & DARBY CREEK RD, Hilliard, OH, 43026",Unknown,
"2686 ALTON & DARBY CREEK RD, Hilliard, OH, 43026",Unknown,
"2698 ROSEBUSH CT, Hilliard, OH, 43026",Unknown,
"2699 ROSEBUSH CT, Hilliard, OH, 43026",Unknown,
"2694 ALTON & DARBY CREEK RD, Hilliard, OH, 43026",Unknown,
"2700 ALTON & DARBY CREEK RD, Hilliard, OH, 43026",Unknown,
"2701 ROSEBUSH CT, Hilliard, OH, 43026",Unknown,
"2704 ROSEBUSH CT, Hilliard, OH, 43026",Unknown,
"2709 ROSEBUSH CT, Hilliard, OH, 43026",Unknown,
"2706 ALTON & DARBY CREEK RD, Hilliard, OH, 43026",Unknown,
"2710 OAKSIDE CT, Hilliard, OH, 43026",Unknown,
"2714 ROSEBUSH CT, Hilliard, OH, 43026",Unknown,
"2715 WALKER RD, Hilliard, OH, 43026",Unknown,
"2715 OAKSIDE CT, Hilliard, OH, 43026",Unknown,
"2716 OAKSIDE CT, Hilliard, OH, 43026",Unknown,
"2717 ALTON & DARBY CREEK RD, Hilliard, OH, 43026",Unknown,
"2717 ROSEBUSH CT, Hilliard, OH, 43026",Unknown,
"2722 ROSEBUSH CT, Hilliard, OH, 43026",Unknown,
"2720 OAKSIDE CT, Hilliard, OH, 43026",Unknown,
"2721 OAKSIDE CT, Hilliard, OH, 43026",Unknown,
"2727 ROSEBUSH CT, Hilliard, OH, 43026",Unknown,
"2728 OAKSIDE CT, Hilliard, OH, 43026",Unknown,
"2732 ROSEBUSH CT, Hilliard, OH, 43026",Unknown,
"2736 OAKSIDE CT, Hilliard, OH, 43026",Unknown,
"2729 OAKSIDE CT, Hilliard, OH, 43026",Unknown,
"2737 OAKSIDE CT, Hilliard, OH, 43026",Unknown,
"2737 ROSEBUSH CT, Hilliard, OH, 43026",Unknown,
"2745 WALCUTT RD, Columbus, OH, 43026",Unknown,
"2745 OAKSIDE CT, Hilliard, OH, 43026",Unknown,
"2740 ROSEBUSH CT, Hilliard, OH, 43026",Unknown,
"2746 OAKSIDE CT, Hilliard, OH, 43026",Unknown,
"2754 OAKSIDE CT, Hilliard, OH, 43026",Unknown,
"2757 OAKSIDE CT, Hilliard, OH, 43026",Unknown,
"2781 WALCUTT RD, Columbus, OH, 43026",Unknown,
"2800 WALKER RD, Hilliard, OH, 43026",Unknown,
"2801 WALCUTT RD, Columbus, OH, 43026",Unknown,
"2818 WALKER RD, Hilliard, OH, 43026",Unknown,
"2874 ALTON & DARBY CREEK RD, Hilliard, OH, 43026",Unknown,
"2881 WALKER RD, Hilliard, OH, 43026",Unknown,
"2897 WALKER RD, Hilliard, OH, 43026",Unknown,
"2898 WALKER RD, Hilliard, OH, 43026",Unknown,
"2900 WALKER RD, Hilliard, OH, 43026",Unknown,
"2901 WALCUTT RD, Columbus, OH, 43026",Unknown,
"2914 ALTON & DARBY CREEK RD, Hilliard, OH, 43026",Unknown,
"2910 ALTON & DARBY CREEK RD, Hilliard, OH, 43026",Unknown,
"2908 ALTON & DARBY CREEK RD, Hilliard, OH, 43026",Unknown,
"2948 WALKER RD, Hilliard, OH, 43026",Unknown,
"2957 ALTON DARBY CREEK RD, Hilliard, OH, 43026",Unknown,
"2959 ALTON DARBY CREEK RD, Hilliard, OH, 43026",Unknown,
"2971 WALKER RD, Hilliard, OH, 43026",Unknown,
"2963 ALTON DARBY CREEK RD, Hilliard, OH, 43026",Unknown,
"2982 CORNBURY LN, Hilliard, OH, 43026",Unknown,
"2994 CORNBURY LN, Hilliard, OH, 43026",Unknown,
"3004 CORNBURY LN, Hilliard, OH, 43026",Unknown,
"3016 CORNBURY LN, Hilliard, OH, 43026",Unknown,
"3017 ALTON & DARBY CREEK RD, Hilliard, OH, 43026",Unknown,
"3019 CORNBURY LN, Hilliard, OH, 43026",Unknown,
"3024 CORNBURY LN, Hilliard, OH, 43026",Unknown,
"3027 CORNBURY LN, Hilliard, OH, 43026",Unknown,
"3028 ALTON & DARBY CREEK RD, Columbus, OH, 43026",Unknown,
"3025 ALTON & DARBY CREEK RD, Hilliard, OH, 43026",Unknown,
"3037 CORNBURY LN, Hilliard, OH, 43026",Unknown,
"3043 ALTON & DARBY CREEK RD, Hilliard, OH, 43026",Unknown,
"3051 ALTON & DARBY CREEK RD, Hilliard, OH, 43026",Unknown,
"3064 ALTON & DARBY CREEK RD, Columbus, OH, 43026",Unknown,
"3046 ALTON & DARBY CREEK RD, Columbus, OH, 43026",Unknown,
"3069 ALTON & DARBY CREEK RD, Hilliard, OH, 43026",Unknown,
"3082 ALTON & DARBY CREEK RD, Columbus, OH, 43026",Unknown,
"3100 ALTON & DARBY CREEK RD, Columbus, OH, 43026",Unknown,
"3095 MOSBY ST, Columbus, OH, 43026",Unknown,
"3100 WALKER RD, Hilliard, OH, 43026",Unknown,
"3099 WALKER RD, Hilliard, OH, 43026",Unknown,
"3101 ALTON & DARBY CREEK RD, Hilliard, OH, 43026",Unknown,
"3119 WALKER RD, Hilliard, OH, 43026",Unknown,
"3120 WALKER RD, Hilliard, OH, 43026",Unknown,
"3118 ALTON & DARBY CREEK RD, Columbus, OH, 43026",Unknown,
"3126 WALKER RD, Hilliard, OH, 43026",Unknown,
"3130 WALKER RD, Hilliard, OH, 43026",Unknown,
"3136 ALTON & DARBY CREEK RD, Columbus, OH, 43026",Unknown,
"3140 MILL RUN DR, Columbus, OH, 43026",Unknown,
"3131 MILL RUN DR, Columbus, OH, 43026",Unknown,
