Street,Classification,Snippet
AMBERWICK PL,Unknown,
ALTON DARBY CREEK RD,Unknown,
AIGIN CT,Unknown,
ALTON & DARBY CREEK RD,Unknown,
AMBLYN DR,Unknown,
AMITY RD,Unknown,
ANDREW JAMES DR,Unknown,
ARBORDALE DR,Unknown,
ANDERSON DR,Unknown,
ASHLYNN LN,Unknown,
BENNISON CT,Unknown,
BISMARK DR,Unknown,
BADGER DR,Unknown,
BEACON CT,Unknown,
BOHLEN DR,Unknown,
BRAMBLE CT,Unknown,
BRAMBLE DR,Unknown,
BRIDGEWATCH LN,Unknown,
BRITTANY OAKS BLVD,Unknown,
BRESSLER CT,Unknown,
BROOKFORD DR,Unknown,
BROOKMONT CT,Unknown,
BROOKWELL DR,Unknown,
CARIFA DR,Unknown,
CARLSBAD DR,Unknown,
CASPER AVE,Unknown,
CASTLEBROOK AVE,Unknown,
CINIMINSON CT,Unknown,
CLOVERWICK DR,Unknown,
COLLIER HILL CT,Unknown,
COPLEY CT,Unknown,
COPPERWOOD RD,Unknown,
CORNBURY LN,Unknown,
COWALL DR,Unknown,
CULVER DR,Unknown,
CUTLER DR,Unknown,
DESCENT CT,Unknown,
FAWN CROSSING DR,Unknown,
FIELD POST CT,Unknown,
FRAZELL RD,Unknown,
GILRIDGE DR,Unknown,
GALEN CT,Unknown,
GLENWOOD WAY,Unknown,
GOLDEN OAK DR,Unknown,
GOLDENSTRAND DR,Unknown,
GOODMAN MEADOWS DR,Unknown,
GROFF PL,Unknown,
HEATHER MEADOW PL,Unknown,
HEMLOCK EDGE DR,Unknown,
HICKORY MILL DR,Unknown,
HOMEBRIDGE DR,Unknown,
HILLROSE DR,Unknown,
HONEYSUCKLE LN,Unknown,
HUTSON LN,Unknown,
HYDE PARK CT,Unknown,
JERGENS PL,Unknown,
LAKE HOLLOW RD,Unknown,
KINGVIEW DR,Unknown,
LAKEBRIDGE LN,Unknown,
LANDEN FARM RD E,Unknown,
LYNDLEY CT,Unknown,
MILL RUN DR,Unknown,
LANDEN FARM RD W,Unknown,
MONDAVI LN,Unknown,
MONDAVI CT,Unknown,
MOSBY ST,Unknown,
OAKSIDE CT,Unknown,
PARKER LN,Unknown,
PHEASANT FIELD DR,Unknown,
PENNBROOK CT,Unknown,
PUNDERSON DR,Unknown,
QUAILVIEW LN,Unknown,
PHOENIX AVE,Unknown,
QUARRY STONE DR,Unknown,
ROBERTS CT,Unknown,
ROLLING OAKS BLVD,Unknown,
RUSTLING OAK BLVD,Unknown,
ROSEBUSH CT,Unknown,
SERPENTINE DR,Unknown,
SERPENTINE CT,Unknown,
SHADY KNOLL LN,Unknown,
SILVER BOW DR,Unknown,
SHELTON CIR,Unknown,
SILVERSTRAND DR,Unknown,
SNOWBERRY LN,Unknown,
SYCAMORE TRCE,Unknown,
TEMPE CT,Unknown,
STOUENBURGH DR,Unknown,
TEMPLE CT,Unknown,
TOM'S TRACE CT,Unknown,
VILLAGE PIER LN,Unknown,
VILLAGE BROOK LN,Unknown,
WALCUTT RD,Unknown,
WALKER RD,Unknown,
WALKERVIEW DR,Unknown,
WESTBREEZE DR,Unknown,
WESTROCK DR,Unknown,
WESTHAM WAY,Unknown,
WESTWIND CT,Unknown,
WHIRLWIND COVE CT,Unknown,
WILLOW GLEN RD,Unknown,
WINDFLOWER RD,Unknown,
WOODSON DR,Unknown,
WYNNELEAF ST,Unknown,
WYNNEROCK CT,Unknown,
WYNNETREE CT,Unknown,
YELLOWOAK PL,Unknown,
