3333 MILL MEADOW DR, Hilliard, OH, 43026,Unknown,
3315 MILL MEADOW DR, Hilliard, OH, 43026,Unknown,
3550 CEMETERY RD, Hilliard, OH, 43026,Unknown,
3311 MILL MEADOW DR, Hilliard, OH, 43026,Unknown,
2611 KINGVIEW DR, Hilliard, OH, 43026,Unknown,
3559 CEMETERY RD, Hilliard, OH, 43026,Unknown,
3555 CEMETERY RD, Hilliard, OH, 43026,Unknown,
3555 FISHINGER BLVD 13, Columbus, OH, 43026,Unknown,
3586 FISHINGER BLVD C, Columbus, OH, 43026,Unknown,
3582 FISHINGER BLVD D, Columbus, OH, 43026,Unknown,
3588 CEMETERY RD, Hilliard, OH, 43026,Unknown,
3600 FISHINGER BLVD A, Columbus, OH, 43026,Unknown,
3592 FISHINGER BLVD E, Columbus, OH, 43026,Unknown,
3590 FISHINGER BLVD B, Columbus, OH, 43026,Unknown,
3635 DATA POINT CT, Columbus, OH, 43026,Unknown,
3639 RIDGE MILL DR, Columbus, OH, 43026,Unknown,
3641 RIDGE MILL DR, Columbus, OH, 43026,Unknown,
3643 RIDGE MILL DR, Columbus, OH, 43026,Unknown,
3645 RIDGE MILL DR, Columbus, OH, 43026,Unknown,
3647 RIDGE MILL DR, Columbus, OH, 43026,Unknown,
3651 RIDGE MILL DR, Columbus, OH, 43026,Unknown,
3655 RIDGE MILL DR, Columbus, OH, 43026,Unknown,
3659 RIDGE MILL DR, Columbus, OH, 43026,Unknown,
3660 RIDGE MILL DR, Columbus, OH, 43026,Unknown,
3663 CEMETERY RD, Hilliard, OH, 43026,Unknown,
3663 RIDGE MILL DR, Columbus, OH, 43026,Unknown,
3667 RIDGE MILL DR, Columbus, OH, 43026,Unknown,
3671 RIDGE MILL DR, Columbus, OH, 43026,Unknown,
3675 RIDGE MILL DR, Columbus, OH, 43026,Unknown,
3691 RIDGE MILL DR, Columbus, OH, 43026,Unknown,
3710 RIDGE MILL DR, Columbus, OH, 43026,Unknown,
3700 RIDGE MILL DR, Columbus, OH, 43026,Unknown,
3712 RIDGE MILL DR, Columbus, OH, 43026,Unknown,
3714 RIDGE MILL DR, Columbus, OH, 43026,Unknown,
3716 RIDGE MILL DR, Columbus, OH, 43026,Unknown,
3720 RIDGE MILL DR, Columbus, OH, 43026,Unknown,
3718 RIDGE MILL DR, Columbus, OH, 43026,Unknown,
3721 FISHINGER RD, Columbus, OH, 43026,Unknown,
3730 RIDGE MILL DR, Columbus, OH, 43026,Unknown,
3731 RIDGE MILL DR, Columbus, OH, 43026,Unknown,
3734 RIDGE MILL DR, Columbus, OH, 43026,Unknown,
3737 CEMETERY RD, Hilliard, OH, 43026,Unknown,
3721 RIDGE MILL DR, Columbus, OH, 43026,Unknown,
3740 RIDGE MILL DR, Columbus, OH, 43026,Unknown,
3755 RIDGE MILL DR, Columbus, OH, 43026,Unknown,
3750 RIDGE MILL DR, Columbus, OH, 43026,Unknown,
3750 CEMETERY RD, Hilliard, OH, 43026,Unknown,
3757 RIDGE MILL DR, Columbus, OH, 43026,Unknown,
3759 RIDGE MILL DR, Columbus, OH, 43026,Unknown,
3763 RIDGE MILL DR, Columbus, OH, 43026,Unknown,
3760 RIDGE MILL DR, Columbus, OH, 43026,Unknown,
3761 RIDGE MILL DR, Columbus, OH, 43026,Unknown,
3765 RIDGE MILL DR, Columbus, OH, 43026,Unknown,
3767 RIDGE MILL DR, Columbus, OH, 43026,Unknown,
3769 RIDGE MILL DR, Columbus, OH, 43026,Unknown,
3770 RIDGE MILL DR, Columbus, OH, 43026,Unknown,
3771 CEMETERY RD, Hilliard, OH, 43026,Unknown,
3771 RIDGE MILL DR, Columbus, OH, 43026,Unknown,
3773 RIDGE MILL DR, Columbus, OH, 43026,Unknown,
3775 DAVIDSON RD, Hilliard, OH, 43026,Unknown,
3775 RIDGE MILL DR, Columbus, OH, 43026,Unknown,
3777 RIDGE MILL DR, Columbus, OH, 43026,Unknown,
3776 CEMETERY RD, Hilliard, OH, 43026,Unknown,
3779 RIDGE MILL DR, Columbus, OH, 43026,Unknown,
3780 RIDGE MILL DR, Columbus, OH, 43026,Unknown,
3783 RIDGE MILL DR, Columbus, OH, 43026,Unknown,
3785 RIDGE MILL DR, Columbus, OH, 43026,Unknown,
3781 RIDGE MILL DR, Columbus, OH, 43026,Unknown,
3787 RIDGE MILL DR, Columbus, OH, 43026,Unknown,
3789 CEMETERY RD, Hilliard, OH, 43026,Unknown,
3789 RIDGE MILL DR, Columbus, OH, 43026,Unknown,
3791 RIDGE MILL DR, Columbus, OH, 43026,Unknown,
3790 SCIOTO DARBY CREEK RD, Columbus, OH, 43026,Unknown,
3793 DAVIDSON RD, Hilliard, OH, 43026,Unknown,
3793 RIDGE MILL DR, Columbus, OH, 43026,Unknown,
3796 SCIOTO DARBY CREEK RD, Columbus, OH, 43026,Unknown,
3795 RIDGE MILL DR, Columbus, OH, 43026,Unknown,
3797 RIDGE MILL DR, Columbus, OH, 43026,Unknown,
3799 RIDGE MILL DR, Columbus, OH, 43026,Unknown,
3800 CEMETERY RD, Hilliard, OH, 43026,Unknown,
3811 DAVIDSON RD, Hilliard, OH, 43026,Unknown,
3809 CEMETERY RD, Hilliard, OH, 43026,Unknown,
3804 SCIOTO DARBY CREEK RD, Columbus, OH, 43026,Unknown,
3818 CEMETERY RD, Hilliard, OH, 43026,Unknown,
