number,street,unit,city,state,zip,census_status
6132,KENSINGTON GLEN DR,,Columbus,OH,43232,No_Match
3491,S HAMILTON RD,,Columbus,OH,43232,Tie
6038,MULBERRY ST,,Columbus,OH,43232,No_Match
6030,MULBERRY ST,,Columbus,OH,43232,No_Match
5101,RUTLEDGE DR,,Columbus,OH,43232,Tie
6025,MULBERRY ST,,Columbus,OH,43232,No_Match
3001,HIGH ST,,Columbus,OH,43232,Tie
4750,CROSSCREEK DR,,Columbus,OH,43232,No_Match
3533,S HAMILTON RD,,Columbus,OH,43232,No_Match
3040,HIGH ST,,Columbus,OH,43232,Tie
3025,HIGH ST,,Columbus,OH,43232,Tie
2996,HIGH ST,,Columbus,OH,43232,Tie
3391,KATHERINE RD,,Columbus,OH,43232,No_Match
3752,CLEARWATER DR,,Columbus,OH,43232,No_Match
2986,HIGH ST,,Columbus,OH,43232,Tie
3003,COURTRIGHT RD,,Columbus,OH,43232,No_Match
3040,COURTRIGHT RD,,Columbus,OH,43232,No_Match
3029,COURTRIGHT RD,,Columbus,OH,43232,No_Match
6002,COLUMBUS ST,,Columbus,OH,43232,No_Match
3009,COURTRIGHT RD,,Columbus,OH,43232,No_Match
6037,MULBERRY ST,,Columbus,OH,43232,No_Match
3044,BRICE RD,,Columbus,OH,43232,No_Match
4818,CROSSCREEK DR,,Columbus,OH,43232,No_Match
3034,COURTRIGHT RD,,Columbus,OH,43232,No_Match
2973,COURTRIGHT RD,,Columbus,OH,43232,No_Match
3505,S HAMILTON RD,,Columbus,OH,43232,No_Match
3045,HIGH ST,,Columbus,OH,43232,Tie
3541,S HAMILTON RD,,Columbus,OH,43232,No_Match
3010,COURTRIGHT RD,,Columbus,OH,43232,No_Match
3774,CLEARWATER DR,,Columbus,OH,43232,No_Match
3790,CLEARWATER DR,,Columbus,OH,43232,No_Match
3736,CLEARWATER DR,,Columbus,OH,43232,No_Match
3050,COURTRIGHT RD,,Columbus,OH,43232,No_Match
3029,BRICE RD,,Columbus,OH,43232,No_Match
3043,COURTRIGHT RD,,Columbus,OH,43232,No_Match
3744,CLEARWATER DR,,Columbus,OH,43232,No_Match
3782,CLEARWATER DR,,Columbus,OH,43232,No_Match
6022,MULBERRY ST,,Columbus,OH,43232,No_Match
3012,HIGH ST,,Columbus,OH,43232,Tie
3004,COURTRIGHT RD,,Columbus,OH,43232,No_Match
3070,BRICE RD,,Columbus,OH,43232,No_Match
5996,COLUMBUS ST,,Columbus,OH,43232,No_Match
2976,BRICE RD,,Columbus,OH,43232,No_Match
5993,COLUMBUS ST,,Columbus,OH,43232,No_Match
5601,NEWPORT CT,,Columbus,OH,43232,No_Match
3093,RUTLEDGE DR,,Columbus,OH,43232,Tie
3063,HIGH ST,,Columbus,OH,43232,Tie
2986,BRICE RD,,Columbus,OH,43232,No_Match
3053,HIGH ST,,Columbus,OH,43232,Tie
2967,COURTRIGHT RD,,Columbus,OH,43232,No_Match
3563,S HAMILTON RD,,Columbus,OH,43232,No_Match
3489,S HAMILTON RD,,Columbus,OH,43232,Tie
3052,BRICE RD,,Columbus,OH,43232,No_Match
3000,POWELL ST,,Columbus,OH,43232,No_Match
2900,SCHWARTZ RD,,Columbus,OH,43232,No_Match
3035,HIGH ST,,Columbus,OH,43232,Tie
3000,BRICE RD,,Columbus,OH,43232,No_Match
3499,S HAMILTON RD,,Columbus,OH,43232,Tie
3026,HIGH ST,,Columbus,OH,43232,Tie
3047,COURTRIGHT RD,,Columbus,OH,43232,No_Match
3090,HIGH ST,,Columbus,OH,43232,Tie
3030,BRICE RD,,Columbus,OH,43232,No_Match
3022,COURTRIGHT RD,,Columbus,OH,43232,No_Match
3000,HIGH ST,,Columbus,OH,43232,Tie
3595,S HAMILTON RD,,Columbus,OH,43232,No_Match
3017,COURTRIGHT RD,,Columbus,OH,43232,No_Match
2979,COURTRIGHT RD,,Columbus,OH,43232,No_Match
3019,COURTRIGHT RD,,Columbus,OH,43232,No_Match
3042,COURTRIGHT RD,,Columbus,OH,43232,No_Match
3056,HIGH ST,,Columbus,OH,43232,Tie
3044,COURTRIGHT RD,,Columbus,OH,43232,No_Match
4473,FLOYD DR,,Columbus,OH,43232,No_Match
6126,KENSINGTON GLEN DR,,Columbus,OH,43232,No_Match
3046,HIGH ST,,Columbus,OH,43232,Tie
3766,CLEARWATER DR,,Columbus,OH,43232,No_Match
3012,COURTRIGHT RD,,Columbus,OH,43232,No_Match
6031,MULBERRY ST,,Columbus,OH,43232,No_Match
2991,COURTRIGHT RD,,Columbus,OH,43232,No_Match
3009,HIGH ST,,Columbus,OH,43232,Tie
3064,HIGH ST,,Columbus,OH,43232,Tie
3890,NEWTON ABBEY LN,,Columbus,OH,43232,No_Match
4806,AMBER CROSSING DR,,Columbus,OH,43232,No_Match
3914,NEWTON ABBEY LN,,Columbus,OH,43232,No_Match
2755,GLENBRIAR DR,,Columbus,OH,43232,Tie
3233,BRICE RD,,Columbus,OH,43232,No_Match
3894,NEWTON ABBEY LN,,Columbus,OH,43232,No_Match
3411,CARDSTON CT,,Columbus,OH,43232,Tie
2320,CATALPA DR,,Columbus,OH,43232,No_Match
3910,NEWTON ABBEY LN,,Columbus,OH,43232,No_Match
2562,CARBONDALE DR,,Columbus,OH,43232,Tie
3886,NEWTON ABBEY LN,,Columbus,OH,43232,No_Match
3908,NEWTON ABBEY LN,,Columbus,OH,43232,No_Match
4794,AMBER CROSSING DR,,Columbus,OH,43232,No_Match
3880,NEWTON ABBEY LN,,Columbus,OH,43232,No_Match
6144,KENSINGTON GLEN DR,,Columbus,OH,43232,No_Match
2937,COURTRIGHT RD,,Columbus,OH,43232,No_Match
3251,BRICE RD,,Columbus,OH,43232,No_Match
3891,NEWTON ABBEY LN,,Columbus,OH,43232,No_Match
2354,CATALPA DR,,Columbus,OH,43232,No_Match
4800,AMBER CROSSING DR,,Columbus,OH,43232,No_Match
3884,NEWTON ABBEY LN,,Columbus,OH,43232,No_Match
3892,NEWTON ABBEY LN,,Columbus,OH,43232,No_Match
3888,NEWTON ABBEY LN,,Columbus,OH,43232,No_Match
2947,COURTRIGHT RD,,Columbus,OH,43232,No_Match
3221,BRICE RD,,Columbus,OH,43232,No_Match
2345,CATALPA DR,,Columbus,OH,43232,No_Match
3882,NEWTON ABBEY LN,,Columbus,OH,43232,No_Match
2386,CATALPA DR,,Columbus,OH,43232,No_Match
3121,BRICE RD,,Columbus,OH,43232,No_Match
2941,COURTRIGHT RD,,Columbus,OH,43232,No_Match
6162,KENSINGTON GLEN DR,,Columbus,OH,43232,No_Match
6150,KENSINGTON GLEN DR,,Columbus,OH,43232,No_Match
3887,NEWTON ABBEY LN,,Columbus,OH,43232,No_Match
3912,NEWTON ABBEY LN,,Columbus,OH,43232,No_Match
4812,AMBER CROSSING DR,,Columbus,OH,43232,No_Match
6156,KENSINGTON GLEN DR,,Columbus,OH,43232,No_Match
2319,CATALPA DR,,Columbus,OH,43232,No_Match
6138,KENSINGTON GLEN DR,,Columbus,OH,43232,No_Match
3916,NEWTON ABBEY LN,,Columbus,OH,43232,No_Match
3885,NEWTON ABBEY LN,,Columbus,OH,43232,No_Match
3889,NEWTON ABBEY LN,,Columbus,OH,43232,No_Match
3906,NEWTON ABBEY LN,,Columbus,OH,43232,No_Match
3422,CREEK VIEW TRAIL DR,,Columbus,OH,43232,No_Match
3415,CREEK VIEW TRAIL DR,,Columbus,OH,43232,No_Match
3428,CREEK VIEW TRAIL DR,,Columbus,OH,43232,No_Match
3416,CREEK VIEW TRAIL DR,,Columbus,OH,43232,No_Match
3386,CREEK VIEW TRAIL DR,,Columbus,OH,43232,No_Match
3433,CREEK VIEW TRAIL DR,,Columbus,OH,43232,No_Match
3427,CREEK VIEW TRAIL DR,,Columbus,OH,43232,No_Match
3409,CREEK VIEW TRAIL DR,,Columbus,OH,43232,No_Match
3397,CREEK VIEW TRAIL DR,,Columbus,OH,43232,No_Match
3410,CREEK VIEW TRAIL DR,,Columbus,OH,43232,No_Match
3421,CREEK VIEW TRAIL DR,,Columbus,OH,43232,No_Match
3434,CREEK VIEW TRAIL DR,,Columbus,OH,43232,No_Match
3403,CREEK VIEW TRAIL DR,,Columbus,OH,43232,No_Match
3440,CREEK VIEW TRAIL DR,,Columbus,OH,43232,No_Match
4896,AMBER CROSSING DR,,Columbus,OH,43232,No_Match
4841,AMBER CROSSING DR,,Columbus,OH,43232,No_Match
4865,AMBER CROSSING DR,,Columbus,OH,43232,No_Match
4914,AMBER CROSSING DR,,Columbus,OH,43232,No_Match
4872,AMBER CROSSING DR,,Columbus,OH,43232,No_Match
4847,AMBER CROSSING DR,,Columbus,OH,43232,No_Match
4835,AMBER CROSSING DR,,Columbus,OH,43232,No_Match
4836,AMBER CROSSING DR,,Columbus,OH,43232,No_Match
4902,AMBER CROSSING DR,,Columbus,OH,43232,No_Match
4854,AMBER CROSSING DR,,Columbus,OH,43232,No_Match
4926,AMBER CROSSING DR,,Columbus,OH,43232,No_Match
4877,AMBER CROSSING DR,,Columbus,OH,43232,No_Match
4848,AMBER CROSSING DR,,Columbus,OH,43232,No_Match
4860,AMBER CROSSING DR,,Columbus,OH,43232,No_Match
4884,AMBER CROSSING DR,,Columbus,OH,43232,No_Match
4853,AMBER CROSSING DR,,Columbus,OH,43232,No_Match
4890,AMBER CROSSING DR,,Columbus,OH,43232,No_Match
4823,AMBER CROSSING DR,,Columbus,OH,43232,No_Match
4866,AMBER CROSSING DR,,Columbus,OH,43232,No_Match
4907,AMBER CROSSING DR,,Columbus,OH,43232,No_Match
4920,AMBER CROSSING DR,,Columbus,OH,43232,No_Match
4817,AMBER CROSSING DR,,Columbus,OH,43232,No_Match
4818,AMBER CROSSING DR,,Columbus,OH,43232,No_Match
4908,AMBER CROSSING DR,,Columbus,OH,43232,No_Match
4842,AMBER CROSSING DR,,Columbus,OH,43232,No_Match
4824,AMBER CROSSING DR,,Columbus,OH,43232,No_Match
4859,AMBER CROSSING DR,,Columbus,OH,43232,No_Match
4889,AMBER CROSSING DR,,Columbus,OH,43232,No_Match
4878,AMBER CROSSING DR,,Columbus,OH,43232,No_Match
4895,AMBER CROSSING DR,,Columbus,OH,43232,No_Match
4829,AMBER CROSSING DR,,Columbus,OH,43232,No_Match
4830,AMBER CROSSING DR,,Columbus,OH,43232,No_Match
4871,AMBER CROSSING DR,,Columbus,OH,43232,No_Match
4913,AMBER CROSSING DR,,Columbus,OH,43232,No_Match
4883,AMBER CROSSING DR,,Columbus,OH,43232,No_Match
4901,AMBER CROSSING DR,,Columbus,OH,43232,No_Match
5999,BEARS RUN RD,,Columbus,OH,43232,No_Match
5879,AUTUMN OAK DR,,Columbus,OH,43232,No_Match
5887,AUTUMN OAK DR,,Columbus,OH,43232,No_Match
3301,CREEK VIEW TRAIL CT,,Columbus,OH,43232,No_Match
3269,CREEK VIEW TRAIL CT,,Columbus,OH,43232,No_Match
3277,CREEK VIEW TRAIL CT,,Columbus,OH,43232,No_Match
3274,CREEK VIEW TRAIL CT,,Columbus,OH,43232,No_Match
5938,BEARS RUN RD,,Columbus,OH,43232,No_Match
3368,CREEK VIEW TRAIL DR,,Columbus,OH,43232,No_Match
5991,BEARS RUN RD,,Columbus,OH,43232,No_Match
3293,CREEK VIEW TRAIL CT,,Columbus,OH,43232,No_Match
3285,CREEK VIEW TRAIL CT,,Columbus,OH,43232,No_Match
5871,AUTUMN OAK DR,,Columbus,OH,43232,No_Match
5983,BEARS RUN RD,,Columbus,OH,43232,No_Match
5954,BEARS RUN RD,,Columbus,OH,43232,No_Match
3374,CREEK VIEW TRAIL DR,,Columbus,OH,43232,No_Match
5959,BEARS RUN RD,,Columbus,OH,43232,No_Match
5919,AUTUMN OAK DR,,Columbus,OH,43232,No_Match
5975,BEARS RUN RD,,Columbus,OH,43232,No_Match
5994,BEARS RUN RD,,Columbus,OH,43232,No_Match
3261,CREEK VIEW TRAIL CT,,Columbus,OH,43232,No_Match
5986,BEARS RUN RD,,Columbus,OH,43232,No_Match
3380,CREEK VIEW TRAIL DR,,Columbus,OH,43232,No_Match
3266,CREEK VIEW TRAIL CT,,Columbus,OH,43232,No_Match
5863,AUTUMN OAK DR,,Columbus,OH,43232,No_Match
5967,BEARS RUN RD,,Columbus,OH,43232,No_Match
6010,BEARS RUN RD,,Columbus,OH,43232,No_Match
5970,BEARS RUN RD,,Columbus,OH,43232,No_Match
6015,BEARS RUN RD,,Columbus,OH,43232,No_Match
5855,AUTUMN OAK DR,,Columbus,OH,43232,No_Match
5903,AUTUMN OAK DR,,Columbus,OH,43232,No_Match
6007,BEARS RUN RD,,Columbus,OH,43232,No_Match
5927,AUTUMN OAK DR,,Columbus,OH,43232,No_Match
3282,CREEK VIEW TRAIL CT,,Columbus,OH,43232,No_Match
6002,BEARS RUN RD,,Columbus,OH,43232,No_Match
5895,AUTUMN OAK DR,,Columbus,OH,43232,No_Match
5911,AUTUMN OAK DR,,Columbus,OH,43232,No_Match
5951,BEARS RUN RD,,Columbus,OH,43232,No_Match
1589,MacBRINN AVE,,Columbus,OH,43232,No_Match
5931,HIGHLAND GREEN BLVD,UNIT 302,Columbus,OH,43232,No_Match
5956,HUNTLEYWOOD BLVD,UNIT 206,Columbus,OH,43232,No_Match
5956,HUNTLEYWOOD BLVD,UNIT 102,Columbus,OH,43232,No_Match
5931,HIGHLAND GREEN BLVD,UNIT 305,Columbus,OH,43232,No_Match
5984,HIGHLAND GREEN BLVD,UNIT 203,Columbus,OH,43232,No_Match
5956,HUNTLEYWOOD BLVD,UNIT 205,Columbus,OH,43232,No_Match
5955,HIGHLAND GREEN BLVD,UNIT 302,Columbus,OH,43232,No_Match
5983,HIGHLAND GREEN BLVD,UNIT 307,Columbus,OH,43232,No_Match
1589,MacBRINN AVE,UNIT 203,Columbus,OH,43232,No_Match
5983,HIGHLAND GREEN BLVD,UNIT 302,Columbus,OH,43232,No_Match
5931,HIGHLAND GREEN BLVD,UNIT 105,Columbus,OH,43232,No_Match
5956,HUNTLEYWOOD BLVD,UNIT 103,Columbus,OH,43232,No_Match
5984,HIGHLAND GREEN BLVD,UNIT 101,Columbus,OH,43232,No_Match
5983,HIGHLAND GREEN BLVD,UNIT 206,Columbus,OH,43232,No_Match
5931,HIGHLAND GREEN BLVD,UNIT 108,Columbus,OH,43232,No_Match
5984,HIGHLAND GREEN BLVD,UNIT 303,Columbus,OH,43232,No_Match
5931,HIGHLAND GREEN BLVD,,Columbus,OH,43232,No_Match
5955,HIGHLAND GREEN BLVD,UNIT 108,Columbus,OH,43232,No_Match
5931,HIGHLAND GREEN BLVD,UNIT 303,Columbus,OH,43232,No_Match
5983,HIGHLAND GREEN BLVD,UNIT 105,Columbus,OH,43232,No_Match
5983,HIGHLAND GREEN BLVD,UNIT 304,Columbus,OH,43232,No_Match
5984,HIGHLAND GREEN BLVD,UNIT 207,Columbus,OH,43232,No_Match
5956,HUNTLEYWOOD BLVD,UNIT 104,Columbus,OH,43232,No_Match
1589,MacBRINN AVE,UNIT 104,Columbus,OH,43232,No_Match
5931,HIGHLAND GREEN BLVD,UNIT 207,Columbus,OH,43232,No_Match
5936,HUNTLEYWOOD BLVD,UNIT 201,Columbus,OH,43232,No_Match
5936,HUNTLEYWOOD BLVD,UNIT 306,Columbus,OH,43232,No_Match
1589,MacBRINN AVE,UNIT 108,Columbus,OH,43232,No_Match
5956,HUNTLEYWOOD BLVD,UNIT 202,Columbus,OH,43232,No_Match
5955,HIGHLAND GREEN BLVD,UNIT 106,Columbus,OH,43232,No_Match
5955,HIGHLAND GREEN BLVD,UNIT 301,Columbus,OH,43232,No_Match
5984,HIGHLAND GREEN BLVD,UNIT 306,Columbus,OH,43232,No_Match
5984,HIGHLAND GREEN BLVD,UNIT 204,Columbus,OH,43232,No_Match
5955,HIGHLAND GREEN BLVD,UNIT 104,Columbus,OH,43232,No_Match
5955,HIGHLAND GREEN BLVD,UNIT 105,Columbus,OH,43232,No_Match
1589,MacBRINN AVE,UNIT 208,Columbus,OH,43232,No_Match
5955,HIGHLAND GREEN BLVD,UNIT 201,Columbus,OH,43232,No_Match
5956,HUNTLEYWOOD BLVD,UNIT 305,Columbus,OH,43232,No_Match
5931,HIGHLAND GREEN BLVD,UNIT 306,Columbus,OH,43232,No_Match
5931,HIGHLAND GREEN BLVD,UNIT 102,Columbus,OH,43232,No_Match
5955,HIGHLAND GREEN BLVD,UNIT 303,Columbus,OH,43232,No_Match
5984,HIGHLAND GREEN BLVD,UNIT 305,Columbus,OH,43232,No_Match
5936,HUNTLEYWOOD BLVD,UNIT 206,Columbus,OH,43232,No_Match
5984,HIGHLAND GREEN BLVD,UNIT 107,Columbus,OH,43232,No_Match
5983,HIGHLAND GREEN BLVD,UNIT 204,Columbus,OH,43232,No_Match
5956,HUNTLEYWOOD BLVD,UNIT 108,Columbus,OH,43232,No_Match
5936,HUNTLEYWOOD BLVD,UNIT 205,Columbus,OH,43232,No_Match
5984,HIGHLAND GREEN BLVD,UNIT 308,Columbus,OH,43232,No_Match
5936,HUNTLEYWOOD BLVD,UNIT 308,Columbus,OH,43232,No_Match
5984,HIGHLAND GREEN BLVD,UNIT 103,Columbus,OH,43232,No_Match
5955,HIGHLAND GREEN BLVD,UNIT 103,Columbus,OH,43232,No_Match
1589,MacBRINN AVE,UNIT 207,Columbus,OH,43232,No_Match
5931,HIGHLAND GREEN BLVD,UNIT 203,Columbus,OH,43232,No_Match
5936,HUNTLEYWOOD BLVD,UNIT 302,Columbus,OH,43232,No_Match
5955,HIGHLAND GREEN BLVD,UNIT 101,Columbus,OH,43232,No_Match
5936,HUNTLEYWOOD BLVD,UNIT 207,Columbus,OH,43232,No_Match
5956,HUNTLEYWOOD BLVD,UNIT 204,Columbus,OH,43232,No_Match
5984,HIGHLAND GREEN BLVD,UNIT 208,Columbus,OH,43232,No_Match
5936,HUNTLEYWOOD BLVD,UNIT 208,Columbus,OH,43232,No_Match
1589,MacBRINN AVE,UNIT 201,Columbus,OH,43232,No_Match
5983,HIGHLAND GREEN BLVD,UNIT 101,Columbus,OH,43232,No_Match
5983,HIGHLAND GREEN BLVD,UNIT 208,Columbus,OH,43232,No_Match
5931,HIGHLAND GREEN BLVD,UNIT 204,Columbus,OH,43232,No_Match
5936,HUNTLEYWOOD BLVD,UNIT 103,Columbus,OH,43232,No_Match
5931,HIGHLAND GREEN BLVD,UNIT 202,Columbus,OH,43232,No_Match
5983,HIGHLAND GREEN BLVD,UNIT 301,Columbus,OH,43232,No_Match
5936,HUNTLEYWOOD BLVD,UNIT 204,Columbus,OH,43232,No_Match
5956,HUNTLEYWOOD BLVD,,Columbus,OH,43232,No_Match
5983,HIGHLAND GREEN BLVD,UNIT 306,Columbus,OH,43232,No_Match
5931,HIGHLAND GREEN BLVD,UNIT 301,Columbus,OH,43232,No_Match
5984,HIGHLAND GREEN BLVD,UNIT 304,Columbus,OH,43232,No_Match
5983,HIGHLAND GREEN BLVD,UNIT 103,Columbus,OH,43232,No_Match
5931,HIGHLAND GREEN BLVD,UNIT 107,Columbus,OH,43232,No_Match
5931,HIGHLAND GREEN BLVD,UNIT 201,Columbus,OH,43232,No_Match
5983,HIGHLAND GREEN BLVD,UNIT 102,Columbus,OH,43232,No_Match
5984,HIGHLAND GREEN BLVD,UNIT 105,Columbus,OH,43232,No_Match
5983,HIGHLAND GREEN BLVD,UNIT 104,Columbus,OH,43232,No_Match
5955,HIGHLAND GREEN BLVD,UNIT 205,Columbus,OH,43232,No_Match
5983,HIGHLAND GREEN BLVD,UNIT 305,Columbus,OH,43232,No_Match
5936,HUNTLEYWOOD BLVD,UNIT 104,Columbus,OH,43232,No_Match
1589,MacBRINN AVE,UNIT 103,Columbus,OH,43232,No_Match
5983,HIGHLAND GREEN BLVD,,Columbus,OH,43232,No_Match
5956,HUNTLEYWOOD BLVD,UNIT 306,Columbus,OH,43232,No_Match
1589,MacBRINN AVE,UNIT 106,Columbus,OH,43232,No_Match
5931,HIGHLAND GREEN BLVD,UNIT 103,Columbus,OH,43232,No_Match
5955,HIGHLAND GREEN BLVD,UNIT 304,Columbus,OH,43232,No_Match
5984,HIGHLAND GREEN BLVD,UNIT 104,Columbus,OH,43232,No_Match
5984,HIGHLAND GREEN BLVD,UNIT 202,Columbus,OH,43232,No_Match
5983,HIGHLAND GREEN BLVD,UNIT 205,Columbus,OH,43232,No_Match
5955,HIGHLAND GREEN BLVD,UNIT 207,Columbus,OH,43232,No_Match
5983,HIGHLAND GREEN BLVD,UNIT 202,Columbus,OH,43232,No_Match
5956,HUNTLEYWOOD BLVD,UNIT 303,Columbus,OH,43232,No_Match
5984,HIGHLAND GREEN BLVD,UNIT 307,Columbus,OH,43232,No_Match
5984,HIGHLAND GREEN BLVD,UNIT 302,Columbus,OH,43232,No_Match
5936,HUNTLEYWOOD BLVD,UNIT 305,Columbus,OH,43232,No_Match
5956,HUNTLEYWOOD BLVD,UNIT 302,Columbus,OH,43232,No_Match
5955,HIGHLAND GREEN BLVD,UNIT 204,Columbus,OH,43232,No_Match
5955,HIGHLAND GREEN BLVD,UNIT 202,Columbus,OH,43232,No_Match
5931,HIGHLAND GREEN BLVD,UNIT 208,Columbus,OH,43232,No_Match
5956,HUNTLEYWOOD BLVD,UNIT 203,Columbus,OH,43232,No_Match
5936,HUNTLEYWOOD BLVD,,Columbus,OH,43232,No_Match
5936,HUNTLEYWOOD BLVD,UNIT 304,Columbus,OH,43232,No_Match
5955,HIGHLAND GREEN BLVD,UNIT 206,Columbus,OH,43232,No_Match
5936,HUNTLEYWOOD BLVD,UNIT 106,Columbus,OH,43232,No_Match
5984,HIGHLAND GREEN BLVD,UNIT 206,Columbus,OH,43232,No_Match
5955,HIGHLAND GREEN BLVD,UNIT 102,Columbus,OH,43232,No_Match
5931,HIGHLAND GREEN BLVD,UNIT 101,Columbus,OH,43232,No_Match
5956,HUNTLEYWOOD BLVD,UNIT 304,Columbus,OH,43232,No_Match
5984,HIGHLAND GREEN BLVD,UNIT 108,Columbus,OH,43232,No_Match
5955,HIGHLAND GREEN BLVD,UNIT 203,Columbus,OH,43232,No_Match
5936,HUNTLEYWOOD BLVD,UNIT 108,Columbus,OH,43232,No_Match
1589,MacBRINN AVE,UNIT 101,Columbus,OH,43232,No_Match
5983,HIGHLAND GREEN BLVD,UNIT 203,Columbus,OH,43232,No_Match
5956,HUNTLEYWOOD BLVD,UNIT 106,Columbus,OH,43232,No_Match
1589,MacBRINN AVE,UNIT 105,Columbus,OH,43232,No_Match
5955,HIGHLAND GREEN BLVD,UNIT 307,Columbus,OH,43232,No_Match
5955,HIGHLAND GREEN BLVD,UNIT 208,Columbus,OH,43232,No_Match
5983,HIGHLAND GREEN BLVD,UNIT 108,Columbus,OH,43232,No_Match
5931,HIGHLAND GREEN BLVD,UNIT 206,Columbus,OH,43232,No_Match
5936,HUNTLEYWOOD BLVD,UNIT 107,Columbus,OH,43232,No_Match
5936,HUNTLEYWOOD BLVD,UNIT 307,Columbus,OH,43232,No_Match
5955,HIGHLAND GREEN BLVD,UNIT 107,Columbus,OH,43232,No_Match
5936,HUNTLEYWOOD BLVD,UNIT 101,Columbus,OH,43232,No_Match
5984,HIGHLAND GREEN BLVD,,Columbus,OH,43232,No_Match
5984,HIGHLAND GREEN BLVD,UNIT 201,Columbus,OH,43232,No_Match
5955,HIGHLAND GREEN BLVD,,Columbus,OH,43232,No_Match
5931,HIGHLAND GREEN BLVD,UNIT 308,Columbus,OH,43232,No_Match
5956,HUNTLEYWOOD BLVD,UNIT 201,Columbus,OH,43232,No_Match
5931,HIGHLAND GREEN BLVD,UNIT 106,Columbus,OH,43232,No_Match
5931,HIGHLAND GREEN BLVD,UNIT 304,Columbus,OH,43232,No_Match
1589,MacBRINN AVE,UNIT 204,Columbus,OH,43232,No_Match
5931,HIGHLAND GREEN BLVD,UNIT 104,Columbus,OH,43232,No_Match
5936,HUNTLEYWOOD BLVD,UNIT 105,Columbus,OH,43232,No_Match
5956,HUNTLEYWOOD BLVD,UNIT 301,Columbus,OH,43232,No_Match
5956,HUNTLEYWOOD BLVD,UNIT 207,Columbus,OH,43232,No_Match
5936,HUNTLEYWOOD BLVD,UNIT 303,Columbus,OH,43232,No_Match
5956,HUNTLEYWOOD BLVD,UNIT 307,Columbus,OH,43232,No_Match
5984,HIGHLAND GREEN BLVD,UNIT 102,Columbus,OH,43232,No_Match
5983,HIGHLAND GREEN BLVD,UNIT 107,Columbus,OH,43232,No_Match
5984,HIGHLAND GREEN BLVD,UNIT 106,Columbus,OH,43232,No_Match
5955,HIGHLAND GREEN BLVD,UNIT 306,Columbus,OH,43232,No_Match
5983,HIGHLAND GREEN BLVD,UNIT 308,Columbus,OH,43232,No_Match
1589,MacBRINN AVE,UNIT 107,Columbus,OH,43232,No_Match
5955,HIGHLAND GREEN BLVD,UNIT 308,Columbus,OH,43232,No_Match
5984,HIGHLAND GREEN BLVD,UNIT 205,Columbus,OH,43232,No_Match
1589,MacBRINN AVE,UNIT 206,Columbus,OH,43232,No_Match
5936,HUNTLEYWOOD BLVD,UNIT 102,Columbus,OH,43232,No_Match
5983,HIGHLAND GREEN BLVD,UNIT 303,Columbus,OH,43232,No_Match
5983,HIGHLAND GREEN BLVD,UNIT 201,Columbus,OH,43232,No_Match
1589,MacBRINN AVE,UNIT 205,Columbus,OH,43232,No_Match
5931,HIGHLAND GREEN BLVD,UNIT 307,Columbus,OH,43232,No_Match
5956,HUNTLEYWOOD BLVD,UNIT 208,Columbus,OH,43232,No_Match
5956,HUNTLEYWOOD BLVD,UNIT 101,Columbus,OH,43232,No_Match
5936,HUNTLEYWOOD BLVD,UNIT 203,Columbus,OH,43232,No_Match
1589,MacBRINN AVE,UNIT 102,Columbus,OH,43232,No_Match
5956,HUNTLEYWOOD BLVD,UNIT 107,Columbus,OH,43232,No_Match
5983,HIGHLAND GREEN BLVD,UNIT 207,Columbus,OH,43232,No_Match
5936,HUNTLEYWOOD BLVD,UNIT 202,Columbus,OH,43232,No_Match
5984,HIGHLAND GREEN BLVD,UNIT 301,Columbus,OH,43232,No_Match
5983,HIGHLAND GREEN BLVD,UNIT 106,Columbus,OH,43232,No_Match
5955,HIGHLAND GREEN BLVD,UNIT 305,Columbus,OH,43232,No_Match
5936,HUNTLEYWOOD BLVD,UNIT 301,Columbus,OH,43232,No_Match
1589,MacBRINN AVE,UNIT 202,Columbus,OH,43232,No_Match
5931,HIGHLAND GREEN BLVD,UNIT 205,Columbus,OH,43232,No_Match
5956,HUNTLEYWOOD BLVD,UNIT 308,Columbus,OH,43232,No_Match
5956,HUNTLEYWOOD BLVD,UNIT 105,Columbus,OH,43232,No_Match
5880,ANNABERG DR,,Columbus,OH,43232,No_Match
3051,LAMPTONRIDGE DR,,Columbus,OH,43232,No_Match
5898,ANNABERG DR,,Columbus,OH,43232,No_Match
3039,LAMPTONRIDGE DR,,Columbus,OH,43232,No_Match
3061,WYNTREE DR,,Columbus,OH,43232,No_Match
5921,ANNABERG DR,,Columbus,OH,43232,No_Match
3057,LAMPTONRIDGE DR,,Columbus,OH,43232,No_Match
5875,ANNABERG DR,,Columbus,OH,43232,No_Match
3005,LAMPTONRIDGE DR,,Columbus,OH,43232,No_Match
3047,ASHMERE DR,,Columbus,OH,43232,No_Match
3040,WYNTREE DR,,Columbus,OH,43232,No_Match
3070,WYNTREE DR,,Columbus,OH,43232,No_Match
3037,WYNTREE DR,,Columbus,OH,43232,No_Match
5915,ANNABERG DR,,Columbus,OH,43232,No_Match
3044,ASHMERE DR,,Columbus,OH,43232,No_Match
3055,WYNTREE DR,,Columbus,OH,43232,No_Match
3031,WYNTREE DR,,Columbus,OH,43232,No_Match
3046,WYNTREE DR,,Columbus,OH,43232,No_Match
3075,LAMPTONRIDGE DR,,Columbus,OH,43232,No_Match
3011,LAMPTONRIDGE DR,,Columbus,OH,43232,No_Match
5922,ANNABERG DR,,Columbus,OH,43232,No_Match
3014,LAMPTONRIDGE DR,,Columbus,OH,43232,No_Match
3043,WYNTREE DR,,Columbus,OH,43232,No_Match
5910,ANNABERG DR,,Columbus,OH,43232,No_Match
3034,WYNTREE DR,,Columbus,OH,43232,No_Match
3073,WYNTREE DR,,Columbus,OH,43232,No_Match
5892,ANNABERG DR,,Columbus,OH,43232,No_Match
5904,ANNABERG DR,,Columbus,OH,43232,No_Match
3053,ASHMERE DR,,Columbus,OH,43232,No_Match
5874,ANNABERG DR,,Columbus,OH,43232,No_Match
5927,ANNABERG DR,,Columbus,OH,43232,No_Match
3045,LAMPTONRIDGE DR,,Columbus,OH,43232,No_Match
5886,ANNABERG DR,,Columbus,OH,43232,No_Match
3032,ASHMERE DR,,Columbus,OH,43232,No_Match
3008,LAMPTONRIDGE DR,,Columbus,OH,43232,No_Match
3064,WYNTREE DR,,Columbus,OH,43232,No_Match
2996,LAMPTONRIDGE DR,,Columbus,OH,43232,No_Match
5906,DAMSEL DR,,Columbus,OH,43232,No_Match
3052,WYNTREE DR,,Columbus,OH,43232,No_Match
5935,ANNABERG DR,,Columbus,OH,43232,No_Match
5916,ANNABERG DR,,Columbus,OH,43232,No_Match
3049,WYNTREE DR,,Columbus,OH,43232,No_Match
5883,ANNABERG DR,,Columbus,OH,43232,No_Match
5841,DAMSEL DR,,Columbus,OH,43232,No_Match
3058,WYNTREE DR,,Columbus,OH,43232,No_Match
3056,ASHMERE DR,,Columbus,OH,43232,No_Match
3067,WYNTREE DR,,Columbus,OH,43232,No_Match
3079,WYNTREE DR,,Columbus,OH,43232,No_Match
3063,LAMPTONRIDGE DR,,Columbus,OH,43232,No_Match
3069,LAMPTONRIDGE DR,,Columbus,OH,43232,No_Match
2999,LAMPTONRIDGE DR,,Columbus,OH,43232,No_Match
3050,ASHMERE DR,,Columbus,OH,43232,No_Match
3002,LAMPTONRIDGE DR,,Columbus,OH,43232,No_Match
5889,ANNABERG DR,,Columbus,OH,43232,No_Match
5897,ANNABERG DR,,Columbus,OH,43232,No_Match
